From Id	To Id	Tx	Meta
3	0	0.0211632	 UDP 49153 > 8090
3	0	0.0214632	 UDP 49153 > 8090
3	0	0.0217632	 UDP 49153 > 8090
3	0	0.0220632	 UDP 49153 > 8090
0	1	0.0222256	 UDP 49153 > 8090
3	0	0.0223632	 UDP 49153 > 8090
3	0	0.0226632	 UDP 49153 > 8090
0	1	0.0228496	 UDP 49153 > 8090
3	0	0.0229632	 UDP 49153 > 8090
3	0	0.0232632	 UDP 49153 > 8090
0	1	0.0234736	 UDP 49153 > 8090
3	0	0.0235632	 UDP 49153 > 8090
3	0	0.0238632	 UDP 49153 > 8090
2	0	0.024	 UDP 49153 > 8100
0	1	0.0240976	 UDP 49153 > 8090
3	0	0.0241632	 UDP 49153 > 8090
3	0	0.0244632	 UDP 49153 > 8090
0	1	0.0247216	 UDP 49153 > 8090
3	0	0.0247632	 UDP 49153 > 8090
3	0	0.0250632	 UDP 49153 > 8090
0	1	0.0253456	 UDP 49153 > 8090
3	0	0.0253632	 UDP 49153 > 8090
3	0	0.0256632	 UDP 49153 > 8090
3	0	0.0259632	 UDP 49153 > 8090
0	1	0.0259696	 UDP 49153 > 8090
3	0	0.0262632	 UDP 49153 > 8090
3	0	0.0265632	 UDP 49153 > 8090
0	1	0.0265936	 UDP 49153 > 8090
3	0	0.0268632	 UDP 49153 > 8090
3	0	0.0271632	 UDP 49153 > 8090
0	1	0.0272176	 UDP 49153 > 8090
3	0	0.0274632	 UDP 49153 > 8090
3	0	0.0277632	 UDP 49153 > 8090
0	1	0.0278416	 UDP 49153 > 8090
1	5	0.0278496	 UDP 49153 > 8090
2	0	0.028	 UDP 49153 > 8100
3	0	0.0280632	 UDP 49153 > 8090
3	0	0.0283632	 UDP 49153 > 8090
0	1	0.0284656	 UDP 49153 > 8100
1	5	0.0284736	 UDP 49153 > 8090
3	0	0.0286632	 UDP 49153 > 8090
3	0	0.0289632	 UDP 49153 > 8090
1	5	0.0290976	 UDP 49153 > 8090
3	0	0.0292632	 UDP 49153 > 8090
3	0	0.0295632	 UDP 49153 > 8090
1	5	0.0297216	 UDP 49153 > 8090
3	0	0.0298632	 UDP 49153 > 8090
0	1	0.0301072	 UDP 49153 > 8090
3	0	0.0301632	 UDP 49153 > 8090
1	5	0.0303456	 UDP 49153 > 8090
3	0	0.0304632	 UDP 49153 > 8090
0	1	0.0307312	 UDP 49153 > 8090
3	0	0.0307632	 UDP 49153 > 8090
1	5	0.0309696	 UDP 49153 > 8090
3	0	0.0310632	 UDP 49153 > 8090
0	1	0.0313552	 UDP 49153 > 8090
3	0	0.0313632	 UDP 49153 > 8090
1	5	0.0315936	 UDP 49153 > 8090
3	0	0.0316632	 UDP 49153 > 8090
3	0	0.0319632	 UDP 49153 > 8090
0	1	0.0319792	 UDP 49153 > 8090
2	0	0.032	 UDP 49153 > 8100
1	5	0.0322176	 UDP 49153 > 8090
3	0	0.0322632	 UDP 49153 > 8090
3	0	0.0325632	 UDP 49153 > 8090
0	1	0.0326032	 UDP 49153 > 8090
1	5	0.0328416	 UDP 49153 > 8090
3	0	0.0328632	 UDP 49153 > 8090
3	0	0.0331632	 UDP 49153 > 8090
0	1	0.0332272	 UDP 49153 > 8090
3	0	0.0334632	 UDP 49153 > 8090
1	5	0.0334656	 UDP 49153 > 8090
3	0	0.0337632	 UDP 49153 > 8090
0	1	0.0338512	 UDP 49153 > 8090
3	0	0.0340632	 UDP 49153 > 8090
3	0	0.0343632	 UDP 49153 > 8090
0	1	0.0344752	 UDP 49153 > 8090
3	0	0.0346632	 UDP 49153 > 8090
1	4	0.0346672	 UDP 49153 > 8100
3	0	0.0349632	 UDP 49153 > 8090
0	1	0.0350992	 UDP 49153 > 8090
3	0	0.0352632	 UDP 49153 > 8090
3	0	0.0355632	 UDP 49153 > 8090
0	1	0.0357232	 UDP 49153 > 8090
1	5	0.0357312	 UDP 49153 > 8090
3	0	0.0358632	 UDP 49153 > 8090
2	0	0.036	 UDP 49153 > 8100
3	0	0.0361632	 UDP 49153 > 8090
0	1	0.0363472	 UDP 49153 > 8090
1	5	0.0363552	 UDP 49153 > 8090
3	0	0.0364632	 UDP 49153 > 8090
3	0	0.0367632	 UDP 49153 > 8090
0	1	0.0369712	 UDP 49153 > 8090
1	5	0.0369792	 UDP 49153 > 8090
3	0	0.0370632	 UDP 49153 > 8090
3	0	0.0373632	 UDP 49153 > 8090
0	1	0.0375952	 UDP 49153 > 8090
1	5	0.0376032	 UDP 49153 > 8090
3	0	0.0376632	 UDP 49153 > 8090
3	0	0.0379632	 UDP 49153 > 8090
0	1	0.0382192	 UDP 49153 > 8100
1	5	0.0382272	 UDP 49153 > 8090
3	0	0.0382632	 UDP 49153 > 8090
3	0	0.0385632	 UDP 49153 > 8090
1	5	0.0388512	 UDP 49153 > 8090
3	0	0.0388632	 UDP 49153 > 8090
3	0	0.0391632	 UDP 49153 > 8090
0	1	0.0394208	 UDP 49153 > 8090
3	0	0.0394632	 UDP 49153 > 8090
1	5	0.0394752	 UDP 49153 > 8090
3	0	0.0397632	 UDP 49153 > 8090
2	0	0.04	 UDP 49153 > 8100
3	0	0.0400632	 UDP 49153 > 8090
1	5	0.0400992	 UDP 49153 > 8090
3	0	0.0403632	 UDP 49153 > 8090
0	1	0.0404848	 UDP 49153 > 8090
3	0	0.0406632	 UDP 49153 > 8090
1	5	0.0407232	 UDP 49153 > 8090
3	0	0.0409632	 UDP 49153 > 8090
0	1	0.0411088	 UDP 49153 > 8090
3	0	0.0412632	 UDP 49153 > 8090
1	5	0.0413472	 UDP 49153 > 8090
3	0	0.0415632	 UDP 49153 > 8090
0	1	0.0417328	 UDP 49153 > 8090
3	0	0.0418632	 UDP 49153 > 8090
1	5	0.0419712	 UDP 49153 > 8090
3	0	0.0421632	 UDP 49153 > 8090
0	1	0.0423568	 UDP 49153 > 8090
3	0	0.0424632	 UDP 49153 > 8090
1	5	0.0425952	 UDP 49153 > 8090
3	0	0.0427632	 UDP 49153 > 8090
0	1	0.0429808	 UDP 49153 > 8090
3	0	0.0430632	 UDP 49153 > 8090
1	5	0.0432192	 UDP 49153 > 8090
3	0	0.0433632	 UDP 49153 > 8090
0	1	0.0436048	 UDP 49153 > 8090
3	0	0.0436632	 UDP 49153 > 8090
3	0	0.0439632	 UDP 49153 > 8090
2	0	0.044	 UDP 49153 > 8100
0	1	0.0442288	 UDP 49153 > 8090
3	0	0.0442632	 UDP 49153 > 8090
1	4	0.0444208	 UDP 49153 > 8100
3	0	0.0445632	 UDP 49153 > 8090
0	1	0.0448528	 UDP 49153 > 8090
3	0	0.0448632	 UDP 49153 > 8090
1	5	0.0450448	 UDP 49153 > 8090
3	0	0.0451632	 UDP 49153 > 8090
3	0	0.0454632	 UDP 49153 > 8090
0	1	0.0454768	 UDP 49153 > 8090
3	0	0.0457632	 UDP 49153 > 8090
3	0	0.0460632	 UDP 49153 > 8090
0	1	0.0461008	 UDP 49153 > 8090
1	5	0.0461088	 UDP 49153 > 8090
3	0	0.0463632	 UDP 49153 > 8090
3	0	0.0466632	 UDP 49153 > 8090
0	1	0.0467248	 UDP 49153 > 8090
1	5	0.0467328	 UDP 49153 > 8090
3	0	0.0469632	 UDP 49153 > 8090
3	0	0.0472632	 UDP 49153 > 8090
0	1	0.0473488	 UDP 49153 > 8090
1	5	0.0473568	 UDP 49153 > 8090
3	0	0.0475632	 UDP 49153 > 8090
3	0	0.0478632	 UDP 49153 > 8090
0	1	0.0479728	 UDP 49153 > 8090
1	5	0.0479808	 UDP 49153 > 8090
2	0	0.048	 UDP 49153 > 8100
3	0	0.0481632	 UDP 49153 > 8090
3	0	0.0484632	 UDP 49153 > 8090
0	1	0.0485968	 UDP 49153 > 8100
1	5	0.0486048	 UDP 49153 > 8090
3	0	0.0487632	 UDP 49153 > 8090
3	0	0.0490632	 UDP 49153 > 8090
1	5	0.0492288	 UDP 49153 > 8090
3	0	0.0493632	 UDP 49153 > 8090
3	0	0.0496632	 UDP 49153 > 8090
1	5	0.0498528	 UDP 49153 > 8090
3	0	0.0499632	 UDP 49153 > 8090
0	1	0.0502384	 UDP 49153 > 8090
3	0	0.0502632	 UDP 49153 > 8090
1	5	0.0504768	 UDP 49153 > 8090
3	0	0.0505632	 UDP 49153 > 8090
0	1	0.0508624	 UDP 49153 > 8090
3	0	0.0508632	 UDP 49153 > 8090
1	5	0.0511008	 UDP 49153 > 8090
3	0	0.0514632	 UDP 49153 > 8090
0	1	0.0514863	 UDP 49153 > 8090
1	5	0.0517248	 UDP 49153 > 8090
3	0	0.0517632	 UDP 49153 > 8090
2	0	0.052	 UDP 49153 > 8100
3	0	0.0520632	 UDP 49153 > 8090
0	1	0.0521103	 UDP 49153 > 8090
1	5	0.0523488	 UDP 49153 > 8090
3	0	0.0523632	 UDP 49153 > 8090
3	0	0.0526632	 UDP 49153 > 8090
0	1	0.0527343	 UDP 49153 > 8090
3	0	0.0529632	 UDP 49153 > 8090
1	5	0.0529728	 UDP 49153 > 8090
3	0	0.0532632	 UDP 49153 > 8090
0	1	0.0533583	 UDP 49153 > 8090
3	0	0.0535632	 UDP 49153 > 8090
1	5	0.0535968	 UDP 49153 > 8090
3	0	0.0538632	 UDP 49153 > 8090
0	1	0.0539823	 UDP 49153 > 8090
3	0	0.0541632	 UDP 49153 > 8090
3	0	0.0544632	 UDP 49153 > 8090
0	1	0.0546063	 UDP 49153 > 8090
3	0	0.0547632	 UDP 49153 > 8090
1	4	0.0547984	 UDP 49153 > 8100
3	0	0.0550632	 UDP 49153 > 8090
0	1	0.0552303	 UDP 49153 > 8090
3	0	0.0553632	 UDP 49153 > 8090
3	0	0.0556632	 UDP 49153 > 8090
0	1	0.0558543	 UDP 49153 > 8090
1	5	0.0558623	 UDP 49153 > 8090
3	0	0.0559632	 UDP 49153 > 8090
2	0	0.056	 UDP 49153 > 8100
3	0	0.0562632	 UDP 49153 > 8090
0	1	0.0564783	 UDP 49153 > 8090
1	5	0.0564863	 UDP 49153 > 8090
3	0	0.0565632	 UDP 49153 > 8090
3	0	0.0568632	 UDP 49153 > 8090
0	1	0.0571023	 UDP 49153 > 8090
1	5	0.0571103	 UDP 49153 > 8090
3	0	0.0571632	 UDP 49153 > 8090
3	0	0.0574632	 UDP 49153 > 8090
0	1	0.0577263	 UDP 49153 > 8090
1	5	0.0577343	 UDP 49153 > 8090
3	0	0.0577632	 UDP 49153 > 8090
3	0	0.0580632	 UDP 49153 > 8090
0	1	0.0583503	 UDP 49153 > 8100
1	5	0.0583583	 UDP 49153 > 8090
3	0	0.0583632	 UDP 49153 > 8090
3	0	0.0586632	 UDP 49153 > 8090
3	0	0.0589632	 UDP 49153 > 8090
1	5	0.0589823	 UDP 49153 > 8090
3	0	0.0592632	 UDP 49153 > 8090
3	0	0.0595632	 UDP 49153 > 8090
1	5	0.0596063	 UDP 49153 > 8090
3	0	0.0598632	 UDP 49153 > 8090
0	1	0.0599919	 UDP 49153 > 8090
2	0	0.06	 UDP 49153 > 8100
3	0	0.0601632	 UDP 49153 > 8090
1	5	0.0602303	 UDP 49153 > 8090
3	0	0.0604632	 UDP 49153 > 8090
0	1	0.0606159	 UDP 49153 > 8090
3	0	0.0607632	 UDP 49153 > 8090
1	5	0.0608543	 UDP 49153 > 8090
3	0	0.0610632	 UDP 49153 > 8090
0	1	0.0612399	 UDP 49153 > 8090
3	0	0.0613632	 UDP 49153 > 8090
1	5	0.0614783	 UDP 49153 > 8090
3	0	0.0616632	 UDP 49153 > 8090
0	1	0.0618639	 UDP 49153 > 8090
3	0	0.0619632	 UDP 49153 > 8090
1	5	0.0621023	 UDP 49153 > 8090
3	0	0.0622632	 UDP 49153 > 8090
0	1	0.0624879	 UDP 49153 > 8090
3	0	0.0625632	 UDP 49153 > 8090
1	5	0.0627263	 UDP 49153 > 8090
3	0	0.0628632	 UDP 49153 > 8090
0	1	0.0631119	 UDP 49153 > 8090
3	0	0.0631632	 UDP 49153 > 8090
1	5	0.0633503	 UDP 49153 > 8090
3	0	0.0634632	 UDP 49153 > 8090
0	1	0.0637359	 UDP 49153 > 8090
3	0	0.0637632	 UDP 49153 > 8090
2	0	0.064	 UDP 49153 > 8100
3	0	0.0640632	 UDP 49153 > 8090
0	1	0.0643599	 UDP 49153 > 8090
3	0	0.0643632	 UDP 49153 > 8090
1	4	0.0645519	 UDP 49153 > 8100
3	0	0.0646632	 UDP 49153 > 8090
3	0	0.0649632	 UDP 49153 > 8090
0	1	0.0649839	 UDP 49153 > 8090
3	0	0.0652632	 UDP 49153 > 8090
3	0	0.0655632	 UDP 49153 > 8090
0	1	0.0656079	 UDP 49153 > 8090
1	5	0.0656159	 UDP 49153 > 8090
3	0	0.0658632	 UDP 49153 > 8090
3	0	0.0661632	 UDP 49153 > 8090
0	1	0.0662319	 UDP 49153 > 8090
1	5	0.0662399	 UDP 49153 > 8090
3	0	0.0664632	 UDP 49153 > 8090
3	0	0.0667632	 UDP 49153 > 8090
0	1	0.0668559	 UDP 49153 > 8090
1	5	0.0668639	 UDP 49153 > 8090
3	0	0.0670632	 UDP 49153 > 8090
3	0	0.0673632	 UDP 49153 > 8090
0	1	0.0674799	 UDP 49153 > 8090
1	5	0.0674879	 UDP 49153 > 8090
3	0	0.0676632	 UDP 49153 > 8090
3	0	0.0679632	 UDP 49153 > 8090
2	0	0.068	 UDP 49153 > 8100
0	1	0.0681039	 UDP 49153 > 8100
1	5	0.0681119	 UDP 49153 > 8090
3	0	0.0682632	 UDP 49153 > 8090
3	0	0.0685632	 UDP 49153 > 8090
1	5	0.0687359	 UDP 49153 > 8090
3	0	0.0688632	 UDP 49153 > 8090
3	0	0.0691632	 UDP 49153 > 8090
0	1	0.0693055	 UDP 49153 > 8090
1	5	0.0693599	 UDP 49153 > 8090
3	0	0.0694632	 UDP 49153 > 8090
3	0	0.0697632	 UDP 49153 > 8090
1	5	0.0699839	 UDP 49153 > 8090
3	0	0.0700632	 UDP 49153 > 8090
3	0	0.0703632	 UDP 49153 > 8090
0	1	0.0703695	 UDP 49153 > 8090
1	5	0.0706079	 UDP 49153 > 8090
3	0	0.0706632	 UDP 49153 > 8090
3	0	0.0709632	 UDP 49153 > 8090
0	1	0.0709935	 UDP 49153 > 8090
1	5	0.0712319	 UDP 49153 > 8090
3	0	0.0712632	 UDP 49153 > 8090
3	0	0.0715632	 UDP 49153 > 8090
0	1	0.0716175	 UDP 49153 > 8090
1	5	0.0718559	 UDP 49153 > 8090
3	0	0.0718632	 UDP 49153 > 8090
2	0	0.072	 UDP 49153 > 8100
3	0	0.0721632	 UDP 49153 > 8090
0	1	0.0722415	 UDP 49153 > 8090
3	0	0.0724632	 UDP 49153 > 8090
1	5	0.0724799	 UDP 49153 > 8090
3	0	0.0727632	 UDP 49153 > 8090
0	1	0.0728655	 UDP 49153 > 8090
3	0	0.0730632	 UDP 49153 > 8090
1	5	0.0731039	 UDP 49153 > 8090
3	0	0.0733632	 UDP 49153 > 8090
0	1	0.0734895	 UDP 49153 > 8090
3	0	0.0736632	 UDP 49153 > 8090
3	0	0.0739632	 UDP 49153 > 8090
0	1	0.0741135	 UDP 49153 > 8090
3	0	0.0742632	 UDP 49153 > 8090
1	4	0.0743055	 UDP 49153 > 8100
3	0	0.0745632	 UDP 49153 > 8090
0	1	0.0747375	 UDP 49153 > 8090
3	0	0.0748632	 UDP 49153 > 8090
1	5	0.0749295	 UDP 49153 > 8090
3	0	0.0751632	 UDP 49153 > 8090
0	1	0.0753615	 UDP 49153 > 8090
3	0	0.0754632	 UDP 49153 > 8090
3	0	0.0757632	 UDP 49153 > 8090
0	1	0.0759855	 UDP 49153 > 8090
1	5	0.0759935	 UDP 49153 > 8090
2	0	0.076	 UDP 49153 > 8100
3	0	0.0760632	 UDP 49153 > 8090
3	0	0.0763632	 UDP 49153 > 8090
0	1	0.0766095	 UDP 49153 > 8090
1	5	0.0766175	 UDP 49153 > 8090
3	0	0.0766632	 UDP 49153 > 8090
3	0	0.0769632	 UDP 49153 > 8090
0	1	0.0772335	 UDP 49153 > 8090
1	5	0.0772415	 UDP 49153 > 8090
3	0	0.0772632	 UDP 49153 > 8090
3	0	0.0775632	 UDP 49153 > 8090
0	1	0.0778575	 UDP 49153 > 8090
3	0	0.0778632	 UDP 49153 > 8090
1	5	0.0778655	 UDP 49153 > 8090
3	0	0.0781632	 UDP 49153 > 8090
3	0	0.0784632	 UDP 49153 > 8090
0	1	0.0784815	 UDP 49153 > 8100
1	5	0.0784895	 UDP 49153 > 8090
3	0	0.0787632	 UDP 49153 > 8090
3	0	0.0790632	 UDP 49153 > 8090
1	5	0.0791135	 UDP 49153 > 8090
3	0	0.0793632	 UDP 49153 > 8090
3	0	0.0796632	 UDP 49153 > 8090
1	5	0.0797375	 UDP 49153 > 8090
3	0	0.0799632	 UDP 49153 > 8090
2	0	0.08	 UDP 49153 > 8100
0	1	0.0801231	 UDP 49153 > 8090
3	0	0.0802632	 UDP 49153 > 8090
1	5	0.0803615	 UDP 49153 > 8090
3	0	0.0805632	 UDP 49153 > 8090
0	1	0.0807471	 UDP 49153 > 8090
3	0	0.0808632	 UDP 49153 > 8090
1	5	0.0809855	 UDP 49153 > 8090
3	0	0.0811632	 UDP 49153 > 8090
0	1	0.0813711	 UDP 49153 > 8090
1	5	0.0816095	 UDP 49153 > 8090
3	0	0.0817632	 UDP 49153 > 8090
0	1	0.0819951	 UDP 49153 > 8090
3	0	0.0820632	 UDP 49153 > 8090
1	5	0.0822335	 UDP 49153 > 8090
3	0	0.0823632	 UDP 49153 > 8090
0	1	0.0826191	 UDP 49153 > 8090
3	0	0.0826632	 UDP 49153 > 8090
1	5	0.0828575	 UDP 49153 > 8090
3	0	0.0829632	 UDP 49153 > 8090
0	1	0.0832431	 UDP 49153 > 8090
3	0	0.0832632	 UDP 49153 > 8090
1	5	0.0834815	 UDP 49153 > 8090
3	0	0.0835632	 UDP 49153 > 8090
3	0	0.0838632	 UDP 49153 > 8090
0	1	0.0838671	 UDP 49153 > 8090
2	0	0.084	 UDP 49153 > 8100
3	0	0.0841632	 UDP 49153 > 8090
3	0	0.0844632	 UDP 49153 > 8090
0	1	0.0844911	 UDP 49153 > 8090
1	4	0.0846831	 UDP 49153 > 8100
3	0	0.0847632	 UDP 49153 > 8090
3	0	0.0850632	 UDP 49153 > 8090
0	1	0.0851151	 UDP 49153 > 8090
3	0	0.0853632	 UDP 49153 > 8090
3	0	0.0856632	 UDP 49153 > 8090
0	1	0.0857391	 UDP 49153 > 8090
1	5	0.0857471	 UDP 49153 > 8090
3	0	0.0859632	 UDP 49153 > 8090
3	0	0.0862632	 UDP 49153 > 8090
0	1	0.0863631	 UDP 49153 > 8090
1	5	0.0863711	 UDP 49153 > 8090
3	0	0.0865632	 UDP 49153 > 8090
3	0	0.0868632	 UDP 49153 > 8090
0	1	0.0869871	 UDP 49153 > 8090
1	5	0.0869951	 UDP 49153 > 8090
3	0	0.0871632	 UDP 49153 > 8090
3	0	0.0874632	 UDP 49153 > 8090
0	1	0.0876111	 UDP 49153 > 8090
1	5	0.0876191	 UDP 49153 > 8090
3	0	0.0877632	 UDP 49153 > 8090
2	0	0.088	 UDP 49153 > 8100
3	0	0.0880632	 UDP 49153 > 8090
0	1	0.0882351	 UDP 49153 > 8100
1	5	0.0882431	 UDP 49153 > 8090
3	0	0.0883632	 UDP 49153 > 8090
3	0	0.0886632	 UDP 49153 > 8090
1	5	0.0888671	 UDP 49153 > 8090
3	0	0.0889632	 UDP 49153 > 8090
3	0	0.0892632	 UDP 49153 > 8090
1	5	0.0894911	 UDP 49153 > 8090
3	0	0.0895632	 UDP 49153 > 8090
3	0	0.0898632	 UDP 49153 > 8090
0	1	0.0898767	 UDP 49153 > 8090
1	5	0.0901151	 UDP 49153 > 8090
3	0	0.0901632	 UDP 49153 > 8090
3	0	0.0904632	 UDP 49153 > 8090
0	1	0.0905007	 UDP 49153 > 8090
1	5	0.0907391	 UDP 49153 > 8090
3	0	0.0907632	 UDP 49153 > 8090
3	0	0.0910632	 UDP 49153 > 8090
0	1	0.0911247	 UDP 49153 > 8090
1	5	0.0913631	 UDP 49153 > 8090
3	0	0.0913632	 UDP 49153 > 8090
3	0	0.0916632	 UDP 49153 > 8090
0	1	0.0917487	 UDP 49153 > 8090
3	0	0.0919632	 UDP 49153 > 8090
1	5	0.0919871	 UDP 49153 > 8090
2	0	0.092	 UDP 49153 > 8100
3	0	0.0922632	 UDP 49153 > 8090
0	1	0.0923727	 UDP 49153 > 8090
3	0	0.0925632	 UDP 49153 > 8090
1	5	0.0926111	 UDP 49153 > 8090
3	0	0.0928632	 UDP 49153 > 8090
0	1	0.0929967	 UDP 49153 > 8090
3	0	0.0931632	 UDP 49153 > 8090
1	5	0.0932351	 UDP 49153 > 8090
3	0	0.0934632	 UDP 49153 > 8090
0	1	0.0936207	 UDP 49153 > 8090
3	0	0.0937632	 UDP 49153 > 8090
3	0	0.0940632	 UDP 49153 > 8090
0	1	0.0942447	 UDP 49153 > 8090
3	0	0.0943632	 UDP 49153 > 8090
1	4	0.0944367	 UDP 49153 > 8100
3	0	0.0946632	 UDP 49153 > 8090
0	1	0.0948687	 UDP 49153 > 8090
3	0	0.0949632	 UDP 49153 > 8090
3	0	0.0952632	 UDP 49153 > 8090
0	1	0.0954927	 UDP 49153 > 8090
1	5	0.0955007	 UDP 49153 > 8090
3	0	0.0955632	 UDP 49153 > 8090
3	0	0.0958632	 UDP 49153 > 8090
2	0	0.096	 UDP 49153 > 8100
0	1	0.0961167	 UDP 49153 > 8090
1	5	0.0961247	 UDP 49153 > 8090
3	0	0.0961632	 UDP 49153 > 8090
3	0	0.0964632	 UDP 49153 > 8090
0	1	0.0967407	 UDP 49153 > 8090
1	5	0.0967487	 UDP 49153 > 8090
3	0	0.0967632	 UDP 49153 > 8090
3	0	0.0970632	 UDP 49153 > 8090
3	0	0.0973632	 UDP 49153 > 8090
0	1	0.0973647	 UDP 49153 > 8100
1	5	0.0973727	 UDP 49153 > 8090
3	0	0.0976632	 UDP 49153 > 8090
3	0	0.0979632	 UDP 49153 > 8090
1	5	0.0979967	 UDP 49153 > 8090
3	0	0.0982632	 UDP 49153 > 8090
3	0	0.0985632	 UDP 49153 > 8090
0	1	0.0985663	 UDP 49153 > 8090
1	5	0.0986207	 UDP 49153 > 8090
3	0	0.0988632	 UDP 49153 > 8090
3	0	0.0991632	 UDP 49153 > 8090
1	5	0.0992447	 UDP 49153 > 8090
3	0	0.0994632	 UDP 49153 > 8090
0	1	0.0996303	 UDP 49153 > 8090
3	0	0.0997632	 UDP 49153 > 8090
1	5	0.0998687	 UDP 49153 > 8090
2	0	0.1	 UDP 49153 > 8100
3	0	0.100063	 UDP 49153 > 8090
0	1	0.100254	 UDP 49153 > 8090
3	0	0.100363	 UDP 49153 > 8090
1	5	0.100493	 UDP 49153 > 8090
3	0	0.100663	 UDP 49153 > 8090
0	1	0.100878	 UDP 49153 > 8090
3	0	0.100963	 UDP 49153 > 8090
1	5	0.101117	 UDP 49153 > 8090
3	0	0.101263	 UDP 49153 > 8090
0	1	0.101502	 UDP 49153 > 8090
3	0	0.101563	 UDP 49153 > 8090
1	5	0.101741	 UDP 49153 > 8090
3	0	0.101863	 UDP 49153 > 8090
0	1	0.102126	 UDP 49153 > 8090
3	0	0.102163	 UDP 49153 > 8090
1	5	0.102365	 UDP 49153 > 8090
3	0	0.102463	 UDP 49153 > 8090
0	1	0.10275	 UDP 49153 > 8090
3	0	0.102763	 UDP 49153 > 8090
3	0	0.103063	 UDP 49153 > 8090
3	0	0.103363	 UDP 49153 > 8090
0	1	0.103374	 UDP 49153 > 8090
1	4	0.103566	 UDP 49153 > 8100
3	0	0.103663	 UDP 49153 > 8090
3	0	0.103963	 UDP 49153 > 8090
0	1	0.103998	 UDP 49153 > 8090
2	0	0.104	 UDP 49153 > 8100
1	5	0.10419	 UDP 49153 > 8090
3	0	0.104263	 UDP 49153 > 8090
3	0	0.104563	 UDP 49153 > 8090
0	1	0.104622	 UDP 49153 > 8090
3	0	0.104863	 UDP 49153 > 8090
3	0	0.105163	 UDP 49153 > 8090
0	1	0.105246	 UDP 49153 > 8090
1	5	0.105254	 UDP 49153 > 8090
3	0	0.105463	 UDP 49153 > 8090
3	0	0.105763	 UDP 49153 > 8090
0	1	0.10587	 UDP 49153 > 8090
1	5	0.105878	 UDP 49153 > 8090
3	0	0.106063	 UDP 49153 > 8090
3	0	0.106363	 UDP 49153 > 8090
0	1	0.106494	 UDP 49153 > 8090
1	5	0.106502	 UDP 49153 > 8090
3	0	0.106663	 UDP 49153 > 8090
3	0	0.106963	 UDP 49153 > 8090
0	1	0.107118	 UDP 49153 > 8090
1	5	0.107126	 UDP 49153 > 8090
3	0	0.107263	 UDP 49153 > 8090
3	0	0.107563	 UDP 49153 > 8090
0	1	0.107742	 UDP 49153 > 8100
1	5	0.10775	 UDP 49153 > 8090
3	0	0.107863	 UDP 49153 > 8090
2	0	0.108	 UDP 49153 > 8100
3	0	0.108163	 UDP 49153 > 8090
1	5	0.108374	 UDP 49153 > 8090
3	0	0.108463	 UDP 49153 > 8090
3	0	0.108763	 UDP 49153 > 8090
1	5	0.108998	 UDP 49153 > 8090
3	0	0.109063	 UDP 49153 > 8090
3	0	0.109363	 UDP 49153 > 8090
0	1	0.109384	 UDP 49153 > 8090
1	5	0.109622	 UDP 49153 > 8090
3	0	0.109663	 UDP 49153 > 8090
3	0	0.109963	 UDP 49153 > 8090
0	1	0.110008	 UDP 49153 > 8090
1	5	0.110246	 UDP 49153 > 8090
3	0	0.110263	 UDP 49153 > 8090
3	0	0.110563	 UDP 49153 > 8090
0	1	0.110632	 UDP 49153 > 8090
3	0	0.110863	 UDP 49153 > 8090
1	5	0.11087	 UDP 49153 > 8090
3	0	0.111163	 UDP 49153 > 8090
0	1	0.111256	 UDP 49153 > 8090
3	0	0.111463	 UDP 49153 > 8090
1	5	0.111494	 UDP 49153 > 8090
0	1	0.11188	 UDP 49153 > 8090
2	0	0.112	 UDP 49153 > 8100
1	5	0.112118	 UDP 49153 > 8090
3	0	0.112138	 UDP 49153 > 8090
0	1	0.112504	 UDP 49153 > 8090
3	0	0.112513	 UDP 49153 > 8090
1	5	0.112742	 UDP 49153 > 8090
3	0	0.112888	 UDP 49153 > 8090
0	1	0.113128	 UDP 49153 > 8090
3	0	0.113263	 UDP 49153 > 8090
3	0	0.113638	 UDP 49153 > 8090
0	1	0.113752	 UDP 49153 > 8090
1	4	0.113944	 UDP 49153 > 8100
3	0	0.114013	 UDP 49153 > 8090
0	1	0.114376	 UDP 49153 > 8090
3	0	0.114388	 UDP 49153 > 8090
3	0	0.114763	 UDP 49153 > 8090
0	1	0.115	 UDP 49153 > 8090
1	5	0.115008	 UDP 49153 > 8090
3	0	0.115138	 UDP 49153 > 8090
3	0	0.115513	 UDP 49153 > 8090
0	1	0.115624	 UDP 49153 > 8090
1	5	0.115632	 UDP 49153 > 8090
3	0	0.115888	 UDP 49153 > 8090
2	0	0.116	 UDP 49153 > 8100
0	1	0.116248	 UDP 49153 > 8090
1	5	0.116256	 UDP 49153 > 8090
3	0	0.116263	 UDP 49153 > 8090
3	0	0.116638	 UDP 49153 > 8090
0	1	0.116872	 UDP 49153 > 8090
1	5	0.11688	 UDP 49153 > 8090
3	0	0.117013	 UDP 49153 > 8090
3	0	0.117388	 UDP 49153 > 8090
0	1	0.117496	 UDP 49153 > 8100
1	5	0.117504	 UDP 49153 > 8090
3	0	0.117763	 UDP 49153 > 8090
1	5	0.118128	 UDP 49153 > 8090
3	0	0.118138	 UDP 49153 > 8090
3	0	0.118513	 UDP 49153 > 8090
1	5	0.118752	 UDP 49153 > 8090
3	0	0.118888	 UDP 49153 > 8090
0	1	0.119137	 UDP 49153 > 8090
3	0	0.119263	 UDP 49153 > 8090
1	5	0.119376	 UDP 49153 > 8090
3	0	0.119638	 UDP 49153 > 8090
0	1	0.119761	 UDP 49153 > 8090
1	5	0.12	 UDP 49153 > 8090
2	0	0.12	 UDP 49153 > 8100
3	0	0.120013	 UDP 49153 > 8090
0	1	0.120385	 UDP 49153 > 8090
3	0	0.120388	 UDP 49153 > 8090
1	5	0.120624	 UDP 49153 > 8090
3	0	0.120763	 UDP 49153 > 8090
0	1	0.121009	 UDP 49153 > 8090
3	0	0.121138	 UDP 49153 > 8090
1	5	0.121248	 UDP 49153 > 8090
3	0	0.121513	 UDP 49153 > 8090
0	1	0.121633	 UDP 49153 > 8090
1	5	0.121872	 UDP 49153 > 8090
3	0	0.121888	 UDP 49153 > 8090
0	1	0.122257	 UDP 49153 > 8090
3	0	0.122263	 UDP 49153 > 8090
1	5	0.122496	 UDP 49153 > 8090
3	0	0.122638	 UDP 49153 > 8090
0	1	0.122881	 UDP 49153 > 8090
3	0	0.123013	 UDP 49153 > 8090
3	0	0.123388	 UDP 49153 > 8090
0	1	0.123505	 UDP 49153 > 8090
1	4	0.123697	 UDP 49153 > 8100
3	0	0.123763	 UDP 49153 > 8090
2	0	0.124	 UDP 49153 > 8100
0	1	0.124129	 UDP 49153 > 8090
3	0	0.124138	 UDP 49153 > 8090
3	0	0.124513	 UDP 49153 > 8090
0	1	0.124753	 UDP 49153 > 8090
1	5	0.124761	 UDP 49153 > 8090
3	0	0.124888	 UDP 49153 > 8090
3	0	0.125263	 UDP 49153 > 8090
0	1	0.125377	 UDP 49153 > 8090
1	5	0.125385	 UDP 49153 > 8090
3	0	0.125638	 UDP 49153 > 8090
0	1	0.126001	 UDP 49153 > 8090
1	5	0.126009	 UDP 49153 > 8090
3	0	0.126013	 UDP 49153 > 8090
3	0	0.126388	 UDP 49153 > 8090
0	1	0.126625	 UDP 49153 > 8090
1	5	0.126633	 UDP 49153 > 8090
3	0	0.126763	 UDP 49153 > 8090
3	0	0.127138	 UDP 49153 > 8090
0	1	0.127249	 UDP 49153 > 8100
1	5	0.127257	 UDP 49153 > 8090
3	0	0.127513	 UDP 49153 > 8090
1	5	0.127881	 UDP 49153 > 8090
3	0	0.127888	 UDP 49153 > 8090
2	0	0.128	 UDP 49153 > 8100
3	0	0.128263	 UDP 49153 > 8090
0	1	0.128451	 UDP 49153 > 8090
1	5	0.128505	 UDP 49153 > 8090
3	0	0.128638	 UDP 49153 > 8090
3	0	0.129013	 UDP 49153 > 8090
1	5	0.129129	 UDP 49153 > 8090
3	0	0.129388	 UDP 49153 > 8090
0	1	0.129515	 UDP 49153 > 8090
1	5	0.129753	 UDP 49153 > 8090
3	0	0.129763	 UDP 49153 > 8090
3	0	0.130138	 UDP 49153 > 8090
0	1	0.130139	 UDP 49153 > 8090
1	5	0.130377	 UDP 49153 > 8090
3	0	0.130513	 UDP 49153 > 8090
0	1	0.130763	 UDP 49153 > 8090
3	0	0.130888	 UDP 49153 > 8090
1	5	0.131001	 UDP 49153 > 8090
3	0	0.131263	 UDP 49153 > 8090
0	1	0.131387	 UDP 49153 > 8090
1	5	0.131625	 UDP 49153 > 8090
3	0	0.131638	 UDP 49153 > 8090
2	0	0.132	 UDP 49153 > 8100
0	1	0.132011	 UDP 49153 > 8090
3	0	0.132013	 UDP 49153 > 8090
1	5	0.132249	 UDP 49153 > 8090
3	0	0.132388	 UDP 49153 > 8090
0	1	0.132635	 UDP 49153 > 8090
3	0	0.132763	 UDP 49153 > 8090
3	0	0.133138	 UDP 49153 > 8090
0	1	0.133259	 UDP 49153 > 8090
1	4	0.133451	 UDP 49153 > 8100
3	0	0.133513	 UDP 49153 > 8090
0	1	0.133883	 UDP 49153 > 8090
3	0	0.133888	 UDP 49153 > 8090
1	5	0.134075	 UDP 49153 > 8090
3	0	0.134263	 UDP 49153 > 8090
0	1	0.134507	 UDP 49153 > 8090
3	0	0.134638	 UDP 49153 > 8090
3	0	0.135013	 UDP 49153 > 8090
0	1	0.135131	 UDP 49153 > 8090
1	5	0.135139	 UDP 49153 > 8090
3	0	0.135388	 UDP 49153 > 8090
0	1	0.135755	 UDP 49153 > 8090
1	5	0.135763	 UDP 49153 > 8090
3	0	0.135763	 UDP 49153 > 8090
2	0	0.136	 UDP 49153 > 8100
3	0	0.136138	 UDP 49153 > 8090
0	1	0.136379	 UDP 49153 > 8090
1	5	0.136387	 UDP 49153 > 8090
3	0	0.136513	 UDP 49153 > 8090
3	0	0.136888	 UDP 49153 > 8090
0	1	0.137003	 UDP 49153 > 8090
1	5	0.137011	 UDP 49153 > 8090
3	0	0.137263	 UDP 49153 > 8090
0	1	0.137627	 UDP 49153 > 8100
1	5	0.137635	 UDP 49153 > 8090
3	0	0.137638	 UDP 49153 > 8090
3	0	0.138013	 UDP 49153 > 8090
1	5	0.138259	 UDP 49153 > 8090
3	0	0.138388	 UDP 49153 > 8090
3	0	0.138763	 UDP 49153 > 8090
1	5	0.138883	 UDP 49153 > 8090
3	0	0.139138	 UDP 49153 > 8090
0	1	0.139269	 UDP 49153 > 8090
1	5	0.139507	 UDP 49153 > 8090
3	0	0.139513	 UDP 49153 > 8090
3	0	0.139888	 UDP 49153 > 8090
0	1	0.139893	 UDP 49153 > 8090
2	0	0.14	 UDP 49153 > 8100
1	5	0.140131	 UDP 49153 > 8090
3	0	0.140263	 UDP 49153 > 8090
0	1	0.140517	 UDP 49153 > 8090
3	0	0.140638	 UDP 49153 > 8090
1	5	0.140755	 UDP 49153 > 8090
3	0	0.141013	 UDP 49153 > 8090
0	1	0.141141	 UDP 49153 > 8090
1	5	0.141379	 UDP 49153 > 8090
3	0	0.141388	 UDP 49153 > 8090
3	0	0.141763	 UDP 49153 > 8090
0	1	0.141765	 UDP 49153 > 8090
1	5	0.142003	 UDP 49153 > 8090
3	0	0.142138	 UDP 49153 > 8090
0	1	0.142389	 UDP 49153 > 8090
3	0	0.142513	 UDP 49153 > 8090
1	5	0.142627	 UDP 49153 > 8090
3	0	0.142888	 UDP 49153 > 8090
0	1	0.143013	 UDP 49153 > 8090
3	0	0.143263	 UDP 49153 > 8090
0	1	0.143637	 UDP 49153 > 8090
3	0	0.143638	 UDP 49153 > 8090
1	4	0.143829	 UDP 49153 > 8100
2	0	0.144	 UDP 49153 > 8100
3	0	0.144013	 UDP 49153 > 8090
0	1	0.144261	 UDP 49153 > 8090
3	0	0.144388	 UDP 49153 > 8090
3	0	0.144763	 UDP 49153 > 8090
0	1	0.144885	 UDP 49153 > 8090
1	5	0.144893	 UDP 49153 > 8090
3	0	0.145138	 UDP 49153 > 8090
0	1	0.145509	 UDP 49153 > 8090
3	0	0.145513	 UDP 49153 > 8090
1	5	0.145517	 UDP 49153 > 8090
3	0	0.145888	 UDP 49153 > 8090
0	1	0.146133	 UDP 49153 > 8090
1	5	0.146141	 UDP 49153 > 8090
3	0	0.146263	 UDP 49153 > 8090
3	0	0.146638	 UDP 49153 > 8090
0	1	0.146757	 UDP 49153 > 8090
1	5	0.146765	 UDP 49153 > 8090
3	0	0.147013	 UDP 49153 > 8090
0	1	0.147381	 UDP 49153 > 8100
3	0	0.147388	 UDP 49153 > 8090
1	5	0.147389	 UDP 49153 > 8090
3	0	0.147763	 UDP 49153 > 8090
2	0	0.148	 UDP 49153 > 8100
1	5	0.148013	 UDP 49153 > 8090
3	0	0.148138	 UDP 49153 > 8090
3	0	0.148513	 UDP 49153 > 8090
1	5	0.148637	 UDP 49153 > 8090
3	0	0.148888	 UDP 49153 > 8090
0	1	0.149022	 UDP 49153 > 8090
1	5	0.149261	 UDP 49153 > 8090
3	0	0.149263	 UDP 49153 > 8090
0	1	0.149646	 UDP 49153 > 8090
1	5	0.149885	 UDP 49153 > 8090
3	0	0.150013	 UDP 49153 > 8090
0	1	0.15027	 UDP 49153 > 8090
3	0	0.150388	 UDP 49153 > 8090
1	5	0.150509	 UDP 49153 > 8090
3	0	0.150763	 UDP 49153 > 8090
0	1	0.150894	 UDP 49153 > 8090
1	5	0.151133	 UDP 49153 > 8090
3	0	0.151138	 UDP 49153 > 8090
3	0	0.151513	 UDP 49153 > 8090
0	1	0.151518	 UDP 49153 > 8090
1	5	0.151757	 UDP 49153 > 8090
3	0	0.151888	 UDP 49153 > 8090
2	0	0.152	 UDP 49153 > 8100
0	1	0.152142	 UDP 49153 > 8090
3	0	0.152263	 UDP 49153 > 8090
1	5	0.152381	 UDP 49153 > 8090
3	0	0.152638	 UDP 49153 > 8090
0	1	0.152766	 UDP 49153 > 8090
3	0	0.153013	 UDP 49153 > 8090
3	0	0.153388	 UDP 49153 > 8090
0	1	0.15339	 UDP 49153 > 8090
1	4	0.153582	 UDP 49153 > 8100
3	0	0.153763	 UDP 49153 > 8090
0	1	0.154014	 UDP 49153 > 8090
3	0	0.154138	 UDP 49153 > 8090
3	0	0.154513	 UDP 49153 > 8090
0	1	0.154638	 UDP 49153 > 8090
1	5	0.154646	 UDP 49153 > 8090
3	0	0.154888	 UDP 49153 > 8090
0	1	0.155262	 UDP 49153 > 8090
3	0	0.155263	 UDP 49153 > 8090
1	5	0.15527	 UDP 49153 > 8090
3	0	0.155638	 UDP 49153 > 8090
0	1	0.155886	 UDP 49153 > 8090
1	5	0.155894	 UDP 49153 > 8090
2	0	0.156	 UDP 49153 > 8100
3	0	0.156013	 UDP 49153 > 8090
3	0	0.156388	 UDP 49153 > 8090
0	1	0.15651	 UDP 49153 > 8090
1	5	0.156518	 UDP 49153 > 8090
3	0	0.156763	 UDP 49153 > 8090
0	1	0.157134	 UDP 49153 > 8100
3	0	0.157138	 UDP 49153 > 8090
1	5	0.157142	 UDP 49153 > 8090
3	0	0.157513	 UDP 49153 > 8090
1	5	0.157766	 UDP 49153 > 8090
3	0	0.157888	 UDP 49153 > 8090
3	0	0.158263	 UDP 49153 > 8090
0	1	0.158336	 UDP 49153 > 8090
1	5	0.15839	 UDP 49153 > 8090
3	0	0.158638	 UDP 49153 > 8090
3	0	0.159013	 UDP 49153 > 8090
1	5	0.159014	 UDP 49153 > 8090
3	0	0.159388	 UDP 49153 > 8090
0	1	0.1594	 UDP 49153 > 8090
1	5	0.159638	 UDP 49153 > 8090
3	0	0.159763	 UDP 49153 > 8090
2	0	0.16	 UDP 49153 > 8100
0	1	0.160024	 UDP 49153 > 8090
3	0	0.160138	 UDP 49153 > 8090
1	5	0.160262	 UDP 49153 > 8090
3	0	0.160513	 UDP 49153 > 8090
0	1	0.160648	 UDP 49153 > 8090
1	5	0.160886	 UDP 49153 > 8090
3	0	0.160888	 UDP 49153 > 8090
3	0	0.161263	 UDP 49153 > 8090
0	1	0.161272	 UDP 49153 > 8090
1	5	0.16151	 UDP 49153 > 8090
3	0	0.161638	 UDP 49153 > 8090
0	1	0.161896	 UDP 49153 > 8090
3	0	0.162013	 UDP 49153 > 8090
1	5	0.162134	 UDP 49153 > 8090
3	0	0.162388	 UDP 49153 > 8090
0	1	0.16252	 UDP 49153 > 8090
3	0	0.162763	 UDP 49153 > 8090
3	0	0.163138	 UDP 49153 > 8090
0	1	0.163144	 UDP 49153 > 8090
1	4	0.163336	 UDP 49153 > 8100
3	0	0.163513	 UDP 49153 > 8090
0	1	0.163768	 UDP 49153 > 8090
3	0	0.163888	 UDP 49153 > 8090
1	5	0.16396	 UDP 49153 > 8090
2	0	0.164	 UDP 49153 > 8100
3	0	0.164263	 UDP 49153 > 8090
0	1	0.164392	 UDP 49153 > 8090
3	0	0.164638	 UDP 49153 > 8090
3	0	0.165013	 UDP 49153 > 8090
0	1	0.165016	 UDP 49153 > 8090
1	5	0.165024	 UDP 49153 > 8090
3	0	0.165388	 UDP 49153 > 8090
0	1	0.16564	 UDP 49153 > 8090
1	5	0.165648	 UDP 49153 > 8090
3	0	0.165763	 UDP 49153 > 8090
3	0	0.166138	 UDP 49153 > 8090
0	1	0.166264	 UDP 49153 > 8090
1	5	0.166272	 UDP 49153 > 8090
3	0	0.166513	 UDP 49153 > 8090
0	1	0.166888	 UDP 49153 > 8090
3	0	0.166888	 UDP 49153 > 8090
1	5	0.166896	 UDP 49153 > 8090
3	0	0.167263	 UDP 49153 > 8090
0	1	0.167512	 UDP 49153 > 8100
1	5	0.16752	 UDP 49153 > 8090
3	0	0.167638	 UDP 49153 > 8090
2	0	0.168	 UDP 49153 > 8100
3	0	0.168013	 UDP 49153 > 8090
1	5	0.168144	 UDP 49153 > 8090
3	0	0.168388	 UDP 49153 > 8090
3	0	0.168763	 UDP 49153 > 8090
1	5	0.168768	 UDP 49153 > 8090
3	0	0.169138	 UDP 49153 > 8090
0	1	0.169153	 UDP 49153 > 8090
1	5	0.169392	 UDP 49153 > 8090
3	0	0.169513	 UDP 49153 > 8090
0	1	0.169777	 UDP 49153 > 8090
3	0	0.169888	 UDP 49153 > 8090
1	5	0.170016	 UDP 49153 > 8090
3	0	0.170263	 UDP 49153 > 8090
0	1	0.170401	 UDP 49153 > 8090
3	0	0.170638	 UDP 49153 > 8090
1	5	0.17064	 UDP 49153 > 8090
3	0	0.171013	 UDP 49153 > 8090
0	1	0.171025	 UDP 49153 > 8090
1	5	0.171264	 UDP 49153 > 8090
3	0	0.171388	 UDP 49153 > 8090
0	1	0.171649	 UDP 49153 > 8090
3	0	0.171763	 UDP 49153 > 8090
1	5	0.171888	 UDP 49153 > 8090
2	0	0.172	 UDP 49153 > 8100
3	0	0.172138	 UDP 49153 > 8090
0	1	0.172273	 UDP 49153 > 8090
1	5	0.172512	 UDP 49153 > 8090
3	0	0.172513	 UDP 49153 > 8090
3	0	0.172888	 UDP 49153 > 8090
0	1	0.172897	 UDP 49153 > 8090
3	0	0.173263	 UDP 49153 > 8090
0	1	0.173521	 UDP 49153 > 8090
3	0	0.173638	 UDP 49153 > 8090
1	4	0.173713	 UDP 49153 > 8100
3	0	0.174013	 UDP 49153 > 8090
0	1	0.174145	 UDP 49153 > 8090
3	0	0.174388	 UDP 49153 > 8090
3	0	0.174763	 UDP 49153 > 8090
0	1	0.174769	 UDP 49153 > 8090
1	5	0.174777	 UDP 49153 > 8090
3	0	0.175138	 UDP 49153 > 8090
0	1	0.175393	 UDP 49153 > 8090
1	5	0.175401	 UDP 49153 > 8090
3	0	0.175513	 UDP 49153 > 8090
3	0	0.175888	 UDP 49153 > 8090
2	0	0.176	 UDP 49153 > 8100
0	1	0.176017	 UDP 49153 > 8090
1	5	0.176025	 UDP 49153 > 8090
3	0	0.176263	 UDP 49153 > 8090
3	0	0.176638	 UDP 49153 > 8090
0	1	0.176641	 UDP 49153 > 8100
1	5	0.176649	 UDP 49153 > 8090
3	0	0.177013	 UDP 49153 > 8090
1	5	0.177273	 UDP 49153 > 8090
3	0	0.177388	 UDP 49153 > 8090
3	0	0.177763	 UDP 49153 > 8090
1	5	0.177897	 UDP 49153 > 8090
3	0	0.178138	 UDP 49153 > 8090
0	1	0.178283	 UDP 49153 > 8090
3	0	0.178513	 UDP 49153 > 8090
1	5	0.178521	 UDP 49153 > 8090
3	0	0.178888	 UDP 49153 > 8090
0	1	0.178907	 UDP 49153 > 8090
1	5	0.179145	 UDP 49153 > 8090
3	0	0.179263	 UDP 49153 > 8090
0	1	0.179531	 UDP 49153 > 8090
3	0	0.179638	 UDP 49153 > 8090
1	5	0.179769	 UDP 49153 > 8090
2	0	0.18	 UDP 49153 > 8100
3	0	0.180013	 UDP 49153 > 8090
0	1	0.180155	 UDP 49153 > 8090
3	0	0.180388	 UDP 49153 > 8090
1	5	0.180393	 UDP 49153 > 8090
3	0	0.180763	 UDP 49153 > 8090
0	1	0.180779	 UDP 49153 > 8090
1	5	0.181017	 UDP 49153 > 8090
3	0	0.181138	 UDP 49153 > 8090
0	1	0.181403	 UDP 49153 > 8090
3	0	0.181513	 UDP 49153 > 8090
1	5	0.181641	 UDP 49153 > 8090
3	0	0.181888	 UDP 49153 > 8090
0	1	0.182027	 UDP 49153 > 8090
3	0	0.182263	 UDP 49153 > 8090
3	0	0.182638	 UDP 49153 > 8090
0	1	0.182651	 UDP 49153 > 8090
1	4	0.182843	 UDP 49153 > 8100
3	0	0.183013	 UDP 49153 > 8090
0	1	0.183275	 UDP 49153 > 8090
3	0	0.183388	 UDP 49153 > 8090
3	0	0.183763	 UDP 49153 > 8090
0	1	0.183899	 UDP 49153 > 8090
1	5	0.183907	 UDP 49153 > 8090
2	0	0.184	 UDP 49153 > 8100
3	0	0.184138	 UDP 49153 > 8090
3	0	0.184513	 UDP 49153 > 8090
0	1	0.184523	 UDP 49153 > 8090
1	5	0.184531	 UDP 49153 > 8090
3	0	0.184888	 UDP 49153 > 8090
0	1	0.185147	 UDP 49153 > 8090
1	5	0.185155	 UDP 49153 > 8090
3	0	0.185263	 UDP 49153 > 8090
3	0	0.185638	 UDP 49153 > 8090
0	1	0.185771	 UDP 49153 > 8090
1	5	0.185779	 UDP 49153 > 8090
3	0	0.186013	 UDP 49153 > 8090
3	0	0.186388	 UDP 49153 > 8090
0	1	0.186395	 UDP 49153 > 8100
1	5	0.186403	 UDP 49153 > 8090
3	0	0.186763	 UDP 49153 > 8090
1	5	0.187027	 UDP 49153 > 8090
3	0	0.187138	 UDP 49153 > 8090
0	1	0.187597	 UDP 49153 > 8090
1	5	0.187651	 UDP 49153 > 8090
3	0	0.187963	 UDP 49153 > 8090
2	0	0.188	 UDP 49153 > 8100
1	5	0.188275	 UDP 49153 > 8090
3	0	0.188413	 UDP 49153 > 8090
0	1	0.188661	 UDP 49153 > 8090
3	0	0.188863	 UDP 49153 > 8090
1	5	0.188899	 UDP 49153 > 8090
0	1	0.189285	 UDP 49153 > 8090
3	0	0.189313	 UDP 49153 > 8090
1	5	0.189523	 UDP 49153 > 8090
3	0	0.189763	 UDP 49153 > 8090
0	1	0.189909	 UDP 49153 > 8090
1	5	0.190147	 UDP 49153 > 8090
3	0	0.190213	 UDP 49153 > 8090
0	1	0.190533	 UDP 49153 > 8090
3	0	0.190663	 UDP 49153 > 8090
1	5	0.190771	 UDP 49153 > 8090
3	0	0.191113	 UDP 49153 > 8090
0	1	0.191157	 UDP 49153 > 8090
1	5	0.191395	 UDP 49153 > 8090
3	0	0.191563	 UDP 49153 > 8090
0	1	0.191781	 UDP 49153 > 8090
2	0	0.192	 UDP 49153 > 8100
3	0	0.192013	 UDP 49153 > 8090
0	1	0.192405	 UDP 49153 > 8090
3	0	0.192463	 UDP 49153 > 8090
1	4	0.192597	 UDP 49153 > 8100
3	0	0.192913	 UDP 49153 > 8090
0	1	0.193029	 UDP 49153 > 8090
1	5	0.193221	 UDP 49153 > 8090
3	0	0.193363	 UDP 49153 > 8090
0	1	0.193653	 UDP 49153 > 8090
3	0	0.193813	 UDP 49153 > 8090
3	0	0.194263	 UDP 49153 > 8090
0	1	0.194277	 UDP 49153 > 8090
1	5	0.194285	 UDP 49153 > 8090
3	0	0.194713	 UDP 49153 > 8090
0	1	0.194901	 UDP 49153 > 8090
1	5	0.194909	 UDP 49153 > 8090
3	0	0.195163	 UDP 49153 > 8090
0	1	0.195525	 UDP 49153 > 8090
1	5	0.195533	 UDP 49153 > 8090
3	0	0.195613	 UDP 49153 > 8090
2	0	0.196	 UDP 49153 > 8100
3	0	0.196063	 UDP 49153 > 8090
0	1	0.196149	 UDP 49153 > 8090
1	5	0.196157	 UDP 49153 > 8090
3	0	0.196513	 UDP 49153 > 8090
0	1	0.196773	 UDP 49153 > 8100
1	5	0.196781	 UDP 49153 > 8090
3	0	0.196963	 UDP 49153 > 8090
1	5	0.197405	 UDP 49153 > 8090
3	0	0.197413	 UDP 49153 > 8090
3	0	0.197863	 UDP 49153 > 8090
1	5	0.198029	 UDP 49153 > 8090
3	0	0.198313	 UDP 49153 > 8090
0	1	0.198414	 UDP 49153 > 8090
1	5	0.198653	 UDP 49153 > 8090
3	0	0.198763	 UDP 49153 > 8090
0	1	0.199038	 UDP 49153 > 8090
3	0	0.199213	 UDP 49153 > 8090
1	5	0.199277	 UDP 49153 > 8090
0	1	0.199662	 UDP 49153 > 8090
3	0	0.199663	 UDP 49153 > 8090
1	5	0.199901	 UDP 49153 > 8090
2	0	0.2	 UDP 49153 > 8100
3	0	0.200113	 UDP 49153 > 8090
0	1	0.200286	 UDP 49153 > 8090
1	5	0.200525	 UDP 49153 > 8090
3	0	0.200563	 UDP 49153 > 8090
0	1	0.20091	 UDP 49153 > 8090
3	0	0.201013	 UDP 49153 > 8090
1	5	0.201149	 UDP 49153 > 8090
3	0	0.201463	 UDP 49153 > 8090
0	1	0.201534	 UDP 49153 > 8090
1	5	0.201773	 UDP 49153 > 8090
3	0	0.201913	 UDP 49153 > 8090
0	1	0.202158	 UDP 49153 > 8090
3	0	0.202363	 UDP 49153 > 8090
0	1	0.202782	 UDP 49153 > 8090
3	0	0.202813	 UDP 49153 > 8090
1	4	0.202974	 UDP 49153 > 8100
3	0	0.203263	 UDP 49153 > 8090
0	1	0.203406	 UDP 49153 > 8090
3	0	0.203713	 UDP 49153 > 8090
2	0	0.204	 UDP 49153 > 8100
0	1	0.20403	 UDP 49153 > 8090
1	5	0.204038	 UDP 49153 > 8090
3	0	0.204163	 UDP 49153 > 8090
3	0	0.204613	 UDP 49153 > 8090
0	1	0.204654	 UDP 49153 > 8090
1	5	0.204662	 UDP 49153 > 8090
3	0	0.205063	 UDP 49153 > 8090
0	1	0.205278	 UDP 49153 > 8090
1	5	0.205286	 UDP 49153 > 8090
3	0	0.205513	 UDP 49153 > 8090
0	1	0.205902	 UDP 49153 > 8090
1	5	0.20591	 UDP 49153 > 8090
3	0	0.205963	 UDP 49153 > 8090
3	0	0.206413	 UDP 49153 > 8090
0	1	0.206526	 UDP 49153 > 8100
1	5	0.206534	 UDP 49153 > 8090
3	0	0.206863	 UDP 49153 > 8090
1	5	0.207158	 UDP 49153 > 8090
3	0	0.207313	 UDP 49153 > 8090
3	0	0.207763	 UDP 49153 > 8090
1	5	0.207782	 UDP 49153 > 8090
2	0	0.208	 UDP 49153 > 8100
0	1	0.208168	 UDP 49153 > 8090
3	0	0.208213	 UDP 49153 > 8090
1	5	0.208406	 UDP 49153 > 8090
3	0	0.208663	 UDP 49153 > 8090
0	1	0.208792	 UDP 49153 > 8090
1	5	0.20903	 UDP 49153 > 8090
3	0	0.209113	 UDP 49153 > 8090
0	1	0.209416	 UDP 49153 > 8090
3	0	0.209563	 UDP 49153 > 8090
1	5	0.209654	 UDP 49153 > 8090
3	0	0.210013	 UDP 49153 > 8090
0	1	0.21004	 UDP 49153 > 8090
1	5	0.210278	 UDP 49153 > 8090
3	0	0.210463	 UDP 49153 > 8090
0	1	0.210664	 UDP 49153 > 8090
1	5	0.210902	 UDP 49153 > 8090
3	0	0.210913	 UDP 49153 > 8090
0	1	0.211288	 UDP 49153 > 8090
3	0	0.211363	 UDP 49153 > 8090
1	5	0.211526	 UDP 49153 > 8090
3	0	0.211813	 UDP 49153 > 8090
0	1	0.211912	 UDP 49153 > 8090
2	0	0.212	 UDP 49153 > 8100
3	0	0.212263	 UDP 49153 > 8090
0	1	0.212536	 UDP 49153 > 8090
3	0	0.212713	 UDP 49153 > 8090
1	4	0.212728	 UDP 49153 > 8100
0	1	0.21316	 UDP 49153 > 8090
3	0	0.213163	 UDP 49153 > 8090
3	0	0.213613	 UDP 49153 > 8090
0	1	0.213784	 UDP 49153 > 8090
1	5	0.213792	 UDP 49153 > 8090
3	0	0.214063	 UDP 49153 > 8090
0	1	0.214408	 UDP 49153 > 8090
1	5	0.214416	 UDP 49153 > 8090
3	0	0.214513	 UDP 49153 > 8090
3	0	0.214963	 UDP 49153 > 8090
0	1	0.215032	 UDP 49153 > 8090
1	5	0.21504	 UDP 49153 > 8090
3	0	0.215413	 UDP 49153 > 8090
0	1	0.215656	 UDP 49153 > 8090
1	5	0.215664	 UDP 49153 > 8090
3	0	0.215863	 UDP 49153 > 8090
2	0	0.216	 UDP 49153 > 8100
0	1	0.21628	 UDP 49153 > 8100
1	5	0.216288	 UDP 49153 > 8090
3	0	0.216313	 UDP 49153 > 8090
3	0	0.216763	 UDP 49153 > 8090
1	5	0.216912	 UDP 49153 > 8090
3	0	0.217213	 UDP 49153 > 8090
0	1	0.217481	 UDP 49153 > 8090
1	5	0.217536	 UDP 49153 > 8090
3	0	0.217663	 UDP 49153 > 8090
3	0	0.218113	 UDP 49153 > 8090
1	5	0.21816	 UDP 49153 > 8090
0	1	0.218545	 UDP 49153 > 8090
3	0	0.218563	 UDP 49153 > 8090
1	5	0.218784	 UDP 49153 > 8090
3	0	0.219013	 UDP 49153 > 8090
0	1	0.219169	 UDP 49153 > 8090
1	5	0.219408	 UDP 49153 > 8090
3	0	0.219463	 UDP 49153 > 8090
0	1	0.219793	 UDP 49153 > 8090
3	0	0.219913	 UDP 49153 > 8090
2	0	0.22	 UDP 49153 > 8100
1	5	0.220032	 UDP 49153 > 8090
3	0	0.220363	 UDP 49153 > 8090
0	1	0.220417	 UDP 49153 > 8090
1	5	0.220656	 UDP 49153 > 8090
3	0	0.220813	 UDP 49153 > 8090
0	1	0.221041	 UDP 49153 > 8090
3	0	0.221263	 UDP 49153 > 8090
1	5	0.22128	 UDP 49153 > 8090
0	1	0.221665	 UDP 49153 > 8090
3	0	0.221713	 UDP 49153 > 8090
3	0	0.222163	 UDP 49153 > 8090
0	1	0.222289	 UDP 49153 > 8090
1	4	0.222481	 UDP 49153 > 8100
3	0	0.222613	 UDP 49153 > 8090
0	1	0.222913	 UDP 49153 > 8090
3	0	0.223063	 UDP 49153 > 8090
1	5	0.223105	 UDP 49153 > 8090
3	0	0.223513	 UDP 49153 > 8090
0	1	0.223537	 UDP 49153 > 8090
3	0	0.223963	 UDP 49153 > 8090
2	0	0.224	 UDP 49153 > 8100
0	1	0.224161	 UDP 49153 > 8090
1	5	0.224169	 UDP 49153 > 8090
3	0	0.224413	 UDP 49153 > 8090
0	1	0.224785	 UDP 49153 > 8090
1	5	0.224793	 UDP 49153 > 8090
3	0	0.224863	 UDP 49153 > 8090
3	0	0.225313	 UDP 49153 > 8090
0	1	0.225409	 UDP 49153 > 8090
1	5	0.225417	 UDP 49153 > 8090
3	0	0.225763	 UDP 49153 > 8090
0	1	0.226033	 UDP 49153 > 8090
1	5	0.226041	 UDP 49153 > 8090
3	0	0.226213	 UDP 49153 > 8090
0	1	0.226657	 UDP 49153 > 8100
3	0	0.226663	 UDP 49153 > 8090
1	5	0.226665	 UDP 49153 > 8090
3	0	0.227113	 UDP 49153 > 8090
1	5	0.227289	 UDP 49153 > 8090
3	0	0.227563	 UDP 49153 > 8090
1	5	0.227913	 UDP 49153 > 8090
2	0	0.228	 UDP 49153 > 8100
3	0	0.228013	 UDP 49153 > 8090
0	1	0.228299	 UDP 49153 > 8090
3	0	0.228463	 UDP 49153 > 8090
1	5	0.228537	 UDP 49153 > 8090
3	0	0.228913	 UDP 49153 > 8090
0	1	0.228923	 UDP 49153 > 8090
1	5	0.229161	 UDP 49153 > 8090
3	0	0.229363	 UDP 49153 > 8090
0	1	0.229547	 UDP 49153 > 8090
1	5	0.229785	 UDP 49153 > 8090
3	0	0.229813	 UDP 49153 > 8090
0	1	0.230171	 UDP 49153 > 8090
3	0	0.230263	 UDP 49153 > 8090
1	5	0.230409	 UDP 49153 > 8090
3	0	0.230713	 UDP 49153 > 8090
0	1	0.230795	 UDP 49153 > 8090
1	5	0.231033	 UDP 49153 > 8090
3	0	0.231163	 UDP 49153 > 8090
0	1	0.231419	 UDP 49153 > 8090
3	0	0.231613	 UDP 49153 > 8090
1	5	0.231657	 UDP 49153 > 8090
2	0	0.232	 UDP 49153 > 8100
0	1	0.232043	 UDP 49153 > 8090
3	0	0.232063	 UDP 49153 > 8090
3	0	0.232513	 UDP 49153 > 8090
0	1	0.232667	 UDP 49153 > 8090
1	4	0.232859	 UDP 49153 > 8100
0	1	0.233291	 UDP 49153 > 8090
3	0	0.233413	 UDP 49153 > 8090
3	0	0.233863	 UDP 49153 > 8090
0	1	0.233915	 UDP 49153 > 8090
1	5	0.233923	 UDP 49153 > 8090
3	0	0.234313	 UDP 49153 > 8090
0	1	0.234539	 UDP 49153 > 8090
1	5	0.234547	 UDP 49153 > 8090
3	0	0.234763	 UDP 49153 > 8090
0	1	0.235163	 UDP 49153 > 8090
1	5	0.235171	 UDP 49153 > 8090
3	0	0.235213	 UDP 49153 > 8090
3	0	0.235663	 UDP 49153 > 8090
0	1	0.235787	 UDP 49153 > 8090
1	5	0.235795	 UDP 49153 > 8090
2	0	0.236	 UDP 49153 > 8100
3	0	0.236113	 UDP 49153 > 8090
0	1	0.236411	 UDP 49153 > 8100
1	5	0.236419	 UDP 49153 > 8090
3	0	0.236563	 UDP 49153 > 8090
3	0	0.237013	 UDP 49153 > 8090
1	5	0.237043	 UDP 49153 > 8090
3	0	0.237463	 UDP 49153 > 8090
1	5	0.237667	 UDP 49153 > 8090
3	0	0.237913	 UDP 49153 > 8090
0	1	0.238052	 UDP 49153 > 8090
1	5	0.238291	 UDP 49153 > 8090
3	0	0.238363	 UDP 49153 > 8090
0	1	0.238676	 UDP 49153 > 8090
3	0	0.238813	 UDP 49153 > 8090
1	5	0.238915	 UDP 49153 > 8090
3	0	0.239263	 UDP 49153 > 8090
0	1	0.2393	 UDP 49153 > 8090
1	5	0.239539	 UDP 49153 > 8090
3	0	0.239713	 UDP 49153 > 8090
0	1	0.239924	 UDP 49153 > 8090
2	0	0.24	 UDP 49153 > 8100
1	5	0.240163	 UDP 49153 > 8090
3	0	0.240163	 UDP 49153 > 8090
0	1	0.240548	 UDP 49153 > 8090
3	0	0.240613	 UDP 49153 > 8090
1	5	0.240787	 UDP 49153 > 8090
3	0	0.241063	 UDP 49153 > 8090
0	1	0.241172	 UDP 49153 > 8090
1	5	0.241411	 UDP 49153 > 8090
3	0	0.241513	 UDP 49153 > 8090
0	1	0.241796	 UDP 49153 > 8090
3	0	0.241963	 UDP 49153 > 8090
3	0	0.242413	 UDP 49153 > 8090
0	1	0.24242	 UDP 49153 > 8090
1	4	0.242612	 UDP 49153 > 8100
3	0	0.242863	 UDP 49153 > 8090
0	1	0.243044	 UDP 49153 > 8090
3	0	0.243313	 UDP 49153 > 8090
0	1	0.243668	 UDP 49153 > 8090
1	5	0.243676	 UDP 49153 > 8090
3	0	0.243763	 UDP 49153 > 8090
2	0	0.244	 UDP 49153 > 8100
3	0	0.244213	 UDP 49153 > 8090
0	1	0.244292	 UDP 49153 > 8090
1	5	0.2443	 UDP 49153 > 8090
3	0	0.244663	 UDP 49153 > 8090
0	1	0.244916	 UDP 49153 > 8090
1	5	0.244924	 UDP 49153 > 8090
3	0	0.245113	 UDP 49153 > 8090
0	1	0.24554	 UDP 49153 > 8100
1	5	0.245548	 UDP 49153 > 8090
3	0	0.245563	 UDP 49153 > 8090
3	0	0.246013	 UDP 49153 > 8090
1	5	0.246172	 UDP 49153 > 8090
3	0	0.246463	 UDP 49153 > 8090
1	5	0.246796	 UDP 49153 > 8090
3	0	0.246913	 UDP 49153 > 8090
0	1	0.247182	 UDP 49153 > 8090
3	0	0.247363	 UDP 49153 > 8090
1	5	0.24742	 UDP 49153 > 8090
0	1	0.247806	 UDP 49153 > 8090
3	0	0.247813	 UDP 49153 > 8090
2	0	0.248	 UDP 49153 > 8100
1	5	0.248044	 UDP 49153 > 8090
3	0	0.248263	 UDP 49153 > 8090
0	1	0.24843	 UDP 49153 > 8090
1	5	0.248668	 UDP 49153 > 8090
3	0	0.248713	 UDP 49153 > 8090
0	1	0.249054	 UDP 49153 > 8090
3	0	0.249163	 UDP 49153 > 8090
1	5	0.249292	 UDP 49153 > 8090
3	0	0.249613	 UDP 49153 > 8090
0	1	0.249678	 UDP 49153 > 8090
1	5	0.249916	 UDP 49153 > 8090
3	0	0.250063	 UDP 49153 > 8090
0	1	0.250302	 UDP 49153 > 8090
3	0	0.250513	 UDP 49153 > 8090
1	5	0.25054	 UDP 49153 > 8090
0	1	0.250926	 UDP 49153 > 8090
3	0	0.250963	 UDP 49153 > 8090
3	0	0.251413	 UDP 49153 > 8090
0	1	0.25155	 UDP 49153 > 8090
1	4	0.251742	 UDP 49153 > 8100
3	0	0.251863	 UDP 49153 > 8090
2	0	0.252	 UDP 49153 > 8100
0	1	0.252174	 UDP 49153 > 8090
3	0	0.252313	 UDP 49153 > 8090
3	0	0.252763	 UDP 49153 > 8090
0	1	0.252798	 UDP 49153 > 8090
1	5	0.252806	 UDP 49153 > 8090
3	0	0.253213	 UDP 49153 > 8090
0	1	0.253422	 UDP 49153 > 8090
1	5	0.25343	 UDP 49153 > 8090
3	0	0.253663	 UDP 49153 > 8090
0	1	0.254046	 UDP 49153 > 8100
1	5	0.254054	 UDP 49153 > 8090
3	0	0.254113	 UDP 49153 > 8090
3	0	0.254563	 UDP 49153 > 8090
1	5	0.254678	 UDP 49153 > 8090
3	0	0.255013	 UDP 49153 > 8090
1	5	0.255302	 UDP 49153 > 8090
3	0	0.255463	 UDP 49153 > 8090
0	1	0.255688	 UDP 49153 > 8090
3	0	0.255913	 UDP 49153 > 8090
1	5	0.255926	 UDP 49153 > 8090
2	0	0.256	 UDP 49153 > 8100
0	1	0.256312	 UDP 49153 > 8090
3	0	0.256363	 UDP 49153 > 8090
1	5	0.25655	 UDP 49153 > 8090
3	0	0.256813	 UDP 49153 > 8090
0	1	0.256936	 UDP 49153 > 8090
1	5	0.257174	 UDP 49153 > 8090
3	0	0.257263	 UDP 49153 > 8090
0	1	0.25756	 UDP 49153 > 8090
3	0	0.257713	 UDP 49153 > 8090
1	5	0.257798	 UDP 49153 > 8090
3	0	0.258163	 UDP 49153 > 8090
0	1	0.258184	 UDP 49153 > 8090
1	5	0.258422	 UDP 49153 > 8090
3	0	0.258613	 UDP 49153 > 8090
0	1	0.258808	 UDP 49153 > 8090
1	5	0.259046	 UDP 49153 > 8090
3	0	0.259063	 UDP 49153 > 8090
0	1	0.259432	 UDP 49153 > 8090
3	0	0.259513	 UDP 49153 > 8090
3	0	0.259963	 UDP 49153 > 8090
2	0	0.26	 UDP 49153 > 8100
0	1	0.260056	 UDP 49153 > 8090
1	4	0.260248	 UDP 49153 > 8100
3	0	0.260413	 UDP 49153 > 8090
0	1	0.26068	 UDP 49153 > 8090
3	0	0.260863	 UDP 49153 > 8090
0	1	0.261304	 UDP 49153 > 8090
1	5	0.261312	 UDP 49153 > 8090
3	0	0.261313	 UDP 49153 > 8090
3	0	0.261763	 UDP 49153 > 8090
0	1	0.261928	 UDP 49153 > 8090
1	5	0.261936	 UDP 49153 > 8090
3	0	0.262213	 UDP 49153 > 8090
0	1	0.262552	 UDP 49153 > 8100
1	5	0.26256	 UDP 49153 > 8090
3	0	0.262663	 UDP 49153 > 8090
3	0	0.263113	 UDP 49153 > 8090
1	5	0.263184	 UDP 49153 > 8090
3	0	0.263563	 UDP 49153 > 8090
1	5	0.263808	 UDP 49153 > 8090
2	0	0.264	 UDP 49153 > 8100
3	0	0.264013	 UDP 49153 > 8090
0	1	0.264193	 UDP 49153 > 8090
1	5	0.264432	 UDP 49153 > 8090
3	0	0.264463	 UDP 49153 > 8090
0	1	0.264817	 UDP 49153 > 8090
3	0	0.264913	 UDP 49153 > 8090
1	5	0.265056	 UDP 49153 > 8090
3	0	0.265363	 UDP 49153 > 8090
0	1	0.265441	 UDP 49153 > 8090
1	5	0.26568	 UDP 49153 > 8090
3	0	0.265813	 UDP 49153 > 8090
0	1	0.266065	 UDP 49153 > 8090
3	0	0.266263	 UDP 49153 > 8090
1	5	0.266304	 UDP 49153 > 8090
0	1	0.266689	 UDP 49153 > 8090
3	0	0.266713	 UDP 49153 > 8090
1	5	0.266928	 UDP 49153 > 8090
3	0	0.267163	 UDP 49153 > 8090
0	1	0.267313	 UDP 49153 > 8090
1	5	0.267552	 UDP 49153 > 8090
3	0	0.267613	 UDP 49153 > 8090
0	1	0.267937	 UDP 49153 > 8090
2	0	0.268	 UDP 49153 > 8100
3	0	0.268063	 UDP 49153 > 8090
3	0	0.268513	 UDP 49153 > 8090
0	1	0.268561	 UDP 49153 > 8090
1	4	0.268753	 UDP 49153 > 8100
3	0	0.268963	 UDP 49153 > 8090
0	1	0.269185	 UDP 49153 > 8090
3	0	0.269413	 UDP 49153 > 8090
0	1	0.269809	 UDP 49153 > 8090
1	5	0.269817	 UDP 49153 > 8090
3	0	0.269863	 UDP 49153 > 8090
3	0	0.270313	 UDP 49153 > 8090
0	1	0.270433	 UDP 49153 > 8100
1	5	0.270441	 UDP 49153 > 8090
3	0	0.270763	 UDP 49153 > 8090
1	5	0.271065	 UDP 49153 > 8090
3	0	0.271213	 UDP 49153 > 8090
3	0	0.271663	 UDP 49153 > 8090
1	5	0.271689	 UDP 49153 > 8090
2	0	0.272	 UDP 49153 > 8100
0	1	0.272075	 UDP 49153 > 8090
3	0	0.272113	 UDP 49153 > 8090
1	5	0.272313	 UDP 49153 > 8090
3	0	0.272563	 UDP 49153 > 8090
0	1	0.272699	 UDP 49153 > 8090
1	5	0.272937	 UDP 49153 > 8090
3	0	0.273013	 UDP 49153 > 8090
0	1	0.273323	 UDP 49153 > 8090
3	0	0.273463	 UDP 49153 > 8090
1	5	0.273561	 UDP 49153 > 8090
3	0	0.273913	 UDP 49153 > 8090
0	1	0.273947	 UDP 49153 > 8090
1	5	0.274185	 UDP 49153 > 8090
3	0	0.274363	 UDP 49153 > 8090
0	1	0.274571	 UDP 49153 > 8090
1	5	0.274809	 UDP 49153 > 8090
3	0	0.274813	 UDP 49153 > 8090
0	1	0.275195	 UDP 49153 > 8090
3	0	0.275263	 UDP 49153 > 8090
1	5	0.275433	 UDP 49153 > 8090
3	0	0.275713	 UDP 49153 > 8090
0	1	0.275819	 UDP 49153 > 8090
2	0	0.276	 UDP 49153 > 8100
3	0	0.276163	 UDP 49153 > 8090
0	1	0.276443	 UDP 49153 > 8090
3	0	0.276613	 UDP 49153 > 8090
1	4	0.276635	 UDP 49153 > 8100
3	0	0.277063	 UDP 49153 > 8090
0	1	0.277067	 UDP 49153 > 8090
3	0	0.277513	 UDP 49153 > 8090
0	1	0.277691	 UDP 49153 > 8090
1	5	0.277699	 UDP 49153 > 8090
3	0	0.277963	 UDP 49153 > 8090
0	1	0.278315	 UDP 49153 > 8090
1	5	0.278323	 UDP 49153 > 8090
3	0	0.278938	 UDP 49153 > 8090
0	1	0.278939	 UDP 49153 > 8100
1	5	0.278947	 UDP 49153 > 8090
3	0	0.279463	 UDP 49153 > 8090
1	5	0.279571	 UDP 49153 > 8090
3	0	0.279988	 UDP 49153 > 8090
2	0	0.28	 UDP 49153 > 8100
1	5	0.280195	 UDP 49153 > 8090
3	0	0.280513	 UDP 49153 > 8090
0	1	0.28058	 UDP 49153 > 8090
1	5	0.280819	 UDP 49153 > 8090
3	0	0.281038	 UDP 49153 > 8090
0	1	0.281204	 UDP 49153 > 8090
1	5	0.281443	 UDP 49153 > 8090
3	0	0.281563	 UDP 49153 > 8090
0	1	0.281828	 UDP 49153 > 8090
1	5	0.282067	 UDP 49153 > 8090
3	0	0.282088	 UDP 49153 > 8090
0	1	0.282452	 UDP 49153 > 8090
3	0	0.282613	 UDP 49153 > 8090
1	5	0.282691	 UDP 49153 > 8090
0	1	0.283076	 UDP 49153 > 8090
3	0	0.283138	 UDP 49153 > 8090
1	5	0.283315	 UDP 49153 > 8090
3	0	0.283663	 UDP 49153 > 8090
0	1	0.2837	 UDP 49153 > 8090
1	5	0.283939	 UDP 49153 > 8090
2	0	0.284	 UDP 49153 > 8100
3	0	0.284188	 UDP 49153 > 8090
0	1	0.284324	 UDP 49153 > 8090
3	0	0.284713	 UDP 49153 > 8090
0	1	0.284948	 UDP 49153 > 8090
1	4	0.28514	 UDP 49153 > 8100
3	0	0.285238	 UDP 49153 > 8090
0	1	0.285572	 UDP 49153 > 8090
3	0	0.285763	 UDP 49153 > 8090
0	1	0.286196	 UDP 49153 > 8090
1	5	0.286204	 UDP 49153 > 8090
3	0	0.286288	 UDP 49153 > 8090
3	0	0.286813	 UDP 49153 > 8090
0	1	0.28682	 UDP 49153 > 8090
1	5	0.286828	 UDP 49153 > 8090
3	0	0.287338	 UDP 49153 > 8090
0	1	0.287444	 UDP 49153 > 8100
1	5	0.287452	 UDP 49153 > 8090
3	0	0.287863	 UDP 49153 > 8090
2	0	0.288	 UDP 49153 > 8100
1	5	0.288076	 UDP 49153 > 8090
3	0	0.288388	 UDP 49153 > 8090
1	5	0.2887	 UDP 49153 > 8090
3	0	0.288913	 UDP 49153 > 8090
0	1	0.289086	 UDP 49153 > 8090
1	5	0.289324	 UDP 49153 > 8090
3	0	0.289438	 UDP 49153 > 8090
0	1	0.28971	 UDP 49153 > 8090
1	5	0.289948	 UDP 49153 > 8090
3	0	0.289963	 UDP 49153 > 8090
0	1	0.290334	 UDP 49153 > 8090
3	0	0.290488	 UDP 49153 > 8090
1	5	0.290572	 UDP 49153 > 8090
0	1	0.290958	 UDP 49153 > 8090
3	0	0.291013	 UDP 49153 > 8090
1	5	0.291196	 UDP 49153 > 8090
3	0	0.291538	 UDP 49153 > 8090
0	1	0.291582	 UDP 49153 > 8090
1	5	0.29182	 UDP 49153 > 8090
2	0	0.292	 UDP 49153 > 8100
3	0	0.292063	 UDP 49153 > 8090
0	1	0.292206	 UDP 49153 > 8090
1	5	0.292444	 UDP 49153 > 8090
3	0	0.292588	 UDP 49153 > 8090
0	1	0.29283	 UDP 49153 > 8090
3	0	0.293113	 UDP 49153 > 8090
0	1	0.293454	 UDP 49153 > 8090
3	0	0.293638	 UDP 49153 > 8090
1	4	0.293646	 UDP 49153 > 8100
0	1	0.294078	 UDP 49153 > 8090
3	0	0.294163	 UDP 49153 > 8090
3	0	0.294688	 UDP 49153 > 8090
0	1	0.294702	 UDP 49153 > 8090
1	5	0.29471	 UDP 49153 > 8090
3	0	0.295213	 UDP 49153 > 8090
0	1	0.295326	 UDP 49153 > 8100
1	5	0.295334	 UDP 49153 > 8090
3	0	0.295738	 UDP 49153 > 8090
1	5	0.295958	 UDP 49153 > 8090
2	0	0.296	 UDP 49153 > 8100
3	0	0.296263	 UDP 49153 > 8090
1	5	0.296582	 UDP 49153 > 8090
3	0	0.296788	 UDP 49153 > 8090
0	1	0.296968	 UDP 49153 > 8090
1	5	0.297206	 UDP 49153 > 8090
3	0	0.297313	 UDP 49153 > 8090
0	1	0.297592	 UDP 49153 > 8090
1	5	0.29783	 UDP 49153 > 8090
3	0	0.297838	 UDP 49153 > 8090
0	1	0.298216	 UDP 49153 > 8090
3	0	0.298363	 UDP 49153 > 8090
1	5	0.298454	 UDP 49153 > 8090
0	1	0.29884	 UDP 49153 > 8090
3	0	0.298888	 UDP 49153 > 8090
1	5	0.299078	 UDP 49153 > 8090
3	0	0.299413	 UDP 49153 > 8090
0	1	0.299464	 UDP 49153 > 8090
1	5	0.299702	 UDP 49153 > 8090
3	0	0.299938	 UDP 49153 > 8090
2	0	0.3	 UDP 49153 > 8100
0	1	0.300088	 UDP 49153 > 8090
1	5	0.300326	 UDP 49153 > 8090
3	0	0.300463	 UDP 49153 > 8090
0	1	0.300712	 UDP 49153 > 8090
3	0	0.300988	 UDP 49153 > 8090
0	1	0.301336	 UDP 49153 > 8090
3	0	0.301513	 UDP 49153 > 8090
1	4	0.301528	 UDP 49153 > 8100
0	1	0.30196	 UDP 49153 > 8090
3	0	0.302038	 UDP 49153 > 8090
3	0	0.302563	 UDP 49153 > 8090
0	1	0.302584	 UDP 49153 > 8090
1	5	0.302592	 UDP 49153 > 8090
3	0	0.303088	 UDP 49153 > 8090
0	1	0.303208	 UDP 49153 > 8090
1	5	0.303216	 UDP 49153 > 8090
3	0	0.303613	 UDP 49153 > 8090
0	1	0.303832	 UDP 49153 > 8100
1	5	0.30384	 UDP 49153 > 8090
2	0	0.304	 UDP 49153 > 8100
3	0	0.304138	 UDP 49153 > 8090
1	5	0.304464	 UDP 49153 > 8090
3	0	0.304663	 UDP 49153 > 8090
1	5	0.305088	 UDP 49153 > 8090
3	0	0.305188	 UDP 49153 > 8090
0	1	0.305473	 UDP 49153 > 8090
1	5	0.305712	 UDP 49153 > 8090
3	0	0.305713	 UDP 49153 > 8090
0	1	0.306097	 UDP 49153 > 8090
3	0	0.306238	 UDP 49153 > 8090
1	5	0.306336	 UDP 49153 > 8090
0	1	0.306721	 UDP 49153 > 8090
3	0	0.306763	 UDP 49153 > 8090
1	5	0.30696	 UDP 49153 > 8090
3	0	0.307288	 UDP 49153 > 8090
0	1	0.307345	 UDP 49153 > 8090
1	5	0.307584	 UDP 49153 > 8090
3	0	0.307813	 UDP 49153 > 8090
0	1	0.307969	 UDP 49153 > 8090
2	0	0.308	 UDP 49153 > 8100
1	5	0.308208	 UDP 49153 > 8090
3	0	0.308338	 UDP 49153 > 8090
0	1	0.308593	 UDP 49153 > 8090
1	5	0.308832	 UDP 49153 > 8090
3	0	0.308863	 UDP 49153 > 8090
0	1	0.309217	 UDP 49153 > 8090
3	0	0.309388	 UDP 49153 > 8090
0	1	0.309841	 UDP 49153 > 8090
3	0	0.309913	 UDP 49153 > 8090
1	4	0.310033	 UDP 49153 > 8100
3	0	0.310438	 UDP 49153 > 8090
0	1	0.310465	 UDP 49153 > 8090
3	0	0.310963	 UDP 49153 > 8090
0	1	0.311089	 UDP 49153 > 8090
1	5	0.311097	 UDP 49153 > 8090
3	0	0.311488	 UDP 49153 > 8090
0	1	0.311713	 UDP 49153 > 8090
1	5	0.311721	 UDP 49153 > 8090
2	0	0.312	 UDP 49153 > 8100
3	0	0.312013	 UDP 49153 > 8090
0	1	0.312337	 UDP 49153 > 8100
1	5	0.312345	 UDP 49153 > 8090
3	0	0.312538	 UDP 49153 > 8090
1	5	0.312969	 UDP 49153 > 8090
3	0	0.313063	 UDP 49153 > 8090
3	0	0.313588	 UDP 49153 > 8090
1	5	0.313593	 UDP 49153 > 8090
0	1	0.313979	 UDP 49153 > 8090
3	0	0.314113	 UDP 49153 > 8090
1	5	0.314217	 UDP 49153 > 8090
0	1	0.314603	 UDP 49153 > 8090
3	0	0.314638	 UDP 49153 > 8090
1	5	0.314841	 UDP 49153 > 8090
3	0	0.315163	 UDP 49153 > 8090
0	1	0.315227	 UDP 49153 > 8090
1	5	0.315465	 UDP 49153 > 8090
3	0	0.315688	 UDP 49153 > 8090
0	1	0.315851	 UDP 49153 > 8090
2	0	0.316	 UDP 49153 > 8100
1	5	0.316089	 UDP 49153 > 8090
3	0	0.316213	 UDP 49153 > 8090
0	1	0.316475	 UDP 49153 > 8090
1	5	0.316713	 UDP 49153 > 8090
3	0	0.316738	 UDP 49153 > 8090
0	1	0.317099	 UDP 49153 > 8090
3	0	0.317263	 UDP 49153 > 8090
1	5	0.317337	 UDP 49153 > 8090
0	1	0.317723	 UDP 49153 > 8090
3	0	0.317788	 UDP 49153 > 8090
3	0	0.318313	 UDP 49153 > 8090
0	1	0.318347	 UDP 49153 > 8090
1	4	0.318539	 UDP 49153 > 8100
3	0	0.318838	 UDP 49153 > 8090
0	1	0.318971	 UDP 49153 > 8090
3	0	0.319363	 UDP 49153 > 8090
0	1	0.319595	 UDP 49153 > 8090
1	5	0.319603	 UDP 49153 > 8090
3	0	0.319888	 UDP 49153 > 8090
2	0	0.32	 UDP 49153 > 8100
0	1	0.320219	 UDP 49153 > 8100
1	5	0.320227	 UDP 49153 > 8090
3	0	0.320413	 UDP 49153 > 8090
1	5	0.320851	 UDP 49153 > 8090
3	0	0.320938	 UDP 49153 > 8090
3	0	0.321463	 UDP 49153 > 8090
1	5	0.321475	 UDP 49153 > 8090
0	1	0.32186	 UDP 49153 > 8090
3	0	0.321988	 UDP 49153 > 8090
1	5	0.322099	 UDP 49153 > 8090
0	1	0.322484	 UDP 49153 > 8090
3	0	0.322513	 UDP 49153 > 8090
1	5	0.322723	 UDP 49153 > 8090
3	0	0.323038	 UDP 49153 > 8090
0	1	0.323108	 UDP 49153 > 8090
1	5	0.323347	 UDP 49153 > 8090
3	0	0.323563	 UDP 49153 > 8090
0	1	0.323732	 UDP 49153 > 8090
1	5	0.323971	 UDP 49153 > 8090
2	0	0.324	 UDP 49153 > 8100
3	0	0.324088	 UDP 49153 > 8090
0	1	0.324356	 UDP 49153 > 8090
1	5	0.324595	 UDP 49153 > 8090
3	0	0.324613	 UDP 49153 > 8090
0	1	0.32498	 UDP 49153 > 8090
3	0	0.325138	 UDP 49153 > 8090
1	5	0.325219	 UDP 49153 > 8090
0	1	0.325604	 UDP 49153 > 8090
3	0	0.325663	 UDP 49153 > 8090
3	0	0.326188	 UDP 49153 > 8090
0	1	0.326228	 UDP 49153 > 8090
1	4	0.32642	 UDP 49153 > 8100
3	0	0.326713	 UDP 49153 > 8090
0	1	0.326852	 UDP 49153 > 8090
3	0	0.327238	 UDP 49153 > 8090
0	1	0.327476	 UDP 49153 > 8090
1	5	0.327484	 UDP 49153 > 8090
3	0	0.327763	 UDP 49153 > 8090
2	0	0.328	 UDP 49153 > 8100
0	1	0.3281	 UDP 49153 > 8100
1	5	0.328108	 UDP 49153 > 8090
3	0	0.328288	 UDP 49153 > 8090
1	5	0.328732	 UDP 49153 > 8090
3	0	0.328813	 UDP 49153 > 8090
3	0	0.329338	 UDP 49153 > 8090
1	5	0.329356	 UDP 49153 > 8090
0	1	0.329742	 UDP 49153 > 8090
3	0	0.329863	 UDP 49153 > 8090
1	5	0.32998	 UDP 49153 > 8090
0	1	0.330366	 UDP 49153 > 8090
3	0	0.330388	 UDP 49153 > 8090
1	5	0.330604	 UDP 49153 > 8090
3	0	0.330913	 UDP 49153 > 8090
0	1	0.33099	 UDP 49153 > 8090
1	5	0.331228	 UDP 49153 > 8090
0	1	0.331614	 UDP 49153 > 8090
1	5	0.331852	 UDP 49153 > 8090
3	0	0.331963	 UDP 49153 > 8090
2	0	0.332	 UDP 49153 > 8100
0	1	0.332238	 UDP 49153 > 8090
1	5	0.332476	 UDP 49153 > 8090
3	0	0.332488	 UDP 49153 > 8090
0	1	0.332862	 UDP 49153 > 8090
3	0	0.333013	 UDP 49153 > 8090
1	5	0.3331	 UDP 49153 > 8090
0	1	0.333486	 UDP 49153 > 8090
3	0	0.333538	 UDP 49153 > 8090
3	0	0.334063	 UDP 49153 > 8090
0	1	0.33411	 UDP 49153 > 8090
1	4	0.334302	 UDP 49153 > 8100
3	0	0.334588	 UDP 49153 > 8090
0	1	0.334734	 UDP 49153 > 8090
3	0	0.335113	 UDP 49153 > 8090
0	1	0.335358	 UDP 49153 > 8090
1	5	0.335366	 UDP 49153 > 8090
3	0	0.335638	 UDP 49153 > 8090
0	1	0.335982	 UDP 49153 > 8090
1	5	0.33599	 UDP 49153 > 8090
2	0	0.336	 UDP 49153 > 8100
3	0	0.336163	 UDP 49153 > 8090
0	1	0.336606	 UDP 49153 > 8100
1	5	0.336614	 UDP 49153 > 8090
3	0	0.336688	 UDP 49153 > 8090
3	0	0.337213	 UDP 49153 > 8090
1	5	0.337238	 UDP 49153 > 8090
3	0	0.337738	 UDP 49153 > 8090
1	5	0.337862	 UDP 49153 > 8090
0	1	0.338248	 UDP 49153 > 8090
3	0	0.338263	 UDP 49153 > 8090
1	5	0.338486	 UDP 49153 > 8090
3	0	0.338788	 UDP 49153 > 8090
0	1	0.338872	 UDP 49153 > 8090
1	5	0.33911	 UDP 49153 > 8090
3	0	0.339313	 UDP 49153 > 8090
0	1	0.339496	 UDP 49153 > 8090
1	5	0.339734	 UDP 49153 > 8090
3	0	0.339838	 UDP 49153 > 8090
2	0	0.34	 UDP 49153 > 8100
0	1	0.34012	 UDP 49153 > 8090
1	5	0.340358	 UDP 49153 > 8090
3	0	0.340363	 UDP 49153 > 8090
0	1	0.340744	 UDP 49153 > 8090
3	0	0.340888	 UDP 49153 > 8090
1	5	0.340982	 UDP 49153 > 8090
0	1	0.341368	 UDP 49153 > 8090
3	0	0.341413	 UDP 49153 > 8090
1	5	0.341606	 UDP 49153 > 8090
3	0	0.341938	 UDP 49153 > 8090
0	1	0.341992	 UDP 49153 > 8090
3	0	0.342463	 UDP 49153 > 8090
0	1	0.342616	 UDP 49153 > 8090
1	4	0.342808	 UDP 49153 > 8100
3	0	0.342988	 UDP 49153 > 8090
0	1	0.34324	 UDP 49153 > 8090
3	0	0.343513	 UDP 49153 > 8090
0	1	0.343864	 UDP 49153 > 8090
1	5	0.343872	 UDP 49153 > 8090
2	0	0.344	 UDP 49153 > 8100
3	0	0.344038	 UDP 49153 > 8090
0	1	0.344488	 UDP 49153 > 8100
1	5	0.344496	 UDP 49153 > 8090
3	0	0.344563	 UDP 49153 > 8090
3	0	0.345088	 UDP 49153 > 8090
1	5	0.34512	 UDP 49153 > 8090
3	0	0.345613	 UDP 49153 > 8090
1	5	0.345744	 UDP 49153 > 8090
0	1	0.346129	 UDP 49153 > 8090
3	0	0.346138	 UDP 49153 > 8090
1	5	0.346368	 UDP 49153 > 8090
3	0	0.346663	 UDP 49153 > 8090
0	1	0.346753	 UDP 49153 > 8090
1	5	0.346992	 UDP 49153 > 8090
3	0	0.347188	 UDP 49153 > 8090
0	1	0.347377	 UDP 49153 > 8090
1	5	0.347616	 UDP 49153 > 8090
3	0	0.347713	 UDP 49153 > 8090
2	0	0.348	 UDP 49153 > 8100
0	1	0.348001	 UDP 49153 > 8090
3	0	0.348238	 UDP 49153 > 8090
1	5	0.34824	 UDP 49153 > 8090
0	1	0.348625	 UDP 49153 > 8090
3	0	0.348763	 UDP 49153 > 8090
1	5	0.348864	 UDP 49153 > 8090
0	1	0.349249	 UDP 49153 > 8090
3	0	0.349288	 UDP 49153 > 8090
1	5	0.349488	 UDP 49153 > 8090
3	0	0.349813	 UDP 49153 > 8090
0	1	0.349873	 UDP 49153 > 8090
3	0	0.350338	 UDP 49153 > 8090
0	1	0.350497	 UDP 49153 > 8090
1	4	0.350689	 UDP 49153 > 8100
3	0	0.350863	 UDP 49153 > 8090
0	1	0.351121	 UDP 49153 > 8090
3	0	0.351388	 UDP 49153 > 8090
0	1	0.351745	 UDP 49153 > 8090
1	5	0.351753	 UDP 49153 > 8090
3	0	0.351913	 UDP 49153 > 8090
2	0	0.352	 UDP 49153 > 8100
0	1	0.352369	 UDP 49153 > 8090
1	5	0.352377	 UDP 49153 > 8090
3	0	0.352438	 UDP 49153 > 8090
3	0	0.352963	 UDP 49153 > 8090
0	1	0.352993	 UDP 49153 > 8100
1	5	0.353001	 UDP 49153 > 8090
3	0	0.353488	 UDP 49153 > 8090
1	5	0.353625	 UDP 49153 > 8090
3	0	0.354013	 UDP 49153 > 8090
1	5	0.354249	 UDP 49153 > 8090
3	0	0.354538	 UDP 49153 > 8090
0	1	0.354635	 UDP 49153 > 8090
1	5	0.354873	 UDP 49153 > 8090
3	0	0.355063	 UDP 49153 > 8090
0	1	0.355259	 UDP 49153 > 8090
1	5	0.355497	 UDP 49153 > 8090
3	0	0.355588	 UDP 49153 > 8090
0	1	0.355883	 UDP 49153 > 8090
2	0	0.356	 UDP 49153 > 8100
3	0	0.356113	 UDP 49153 > 8090
1	5	0.356121	 UDP 49153 > 8090
0	1	0.356507	 UDP 49153 > 8090
3	0	0.356638	 UDP 49153 > 8090
1	5	0.356745	 UDP 49153 > 8090
0	1	0.357131	 UDP 49153 > 8090
3	0	0.357163	 UDP 49153 > 8090
1	5	0.357369	 UDP 49153 > 8090
3	0	0.357688	 UDP 49153 > 8090
0	1	0.357755	 UDP 49153 > 8090
1	5	0.357993	 UDP 49153 > 8090
3	0	0.358213	 UDP 49153 > 8090
0	1	0.358379	 UDP 49153 > 8090
3	0	0.358738	 UDP 49153 > 8090
0	1	0.359003	 UDP 49153 > 8090
1	4	0.359195	 UDP 49153 > 8100
3	0	0.359263	 UDP 49153 > 8090
0	1	0.359627	 UDP 49153 > 8090
3	0	0.359788	 UDP 49153 > 8090
2	0	0.36	 UDP 49153 > 8100
0	1	0.360251	 UDP 49153 > 8090
1	5	0.360259	 UDP 49153 > 8090
3	0	0.360313	 UDP 49153 > 8090
3	0	0.360838	 UDP 49153 > 8090
0	1	0.360875	 UDP 49153 > 8090
1	5	0.360883	 UDP 49153 > 8090
3	0	0.361363	 UDP 49153 > 8090
0	1	0.361499	 UDP 49153 > 8100
1	5	0.361507	 UDP 49153 > 8090
3	0	0.361888	 UDP 49153 > 8090
1	5	0.362131	 UDP 49153 > 8090
3	0	0.362413	 UDP 49153 > 8090
1	5	0.362755	 UDP 49153 > 8090
3	0	0.362938	 UDP 49153 > 8090
0	1	0.36314	 UDP 49153 > 8090
1	5	0.363379	 UDP 49153 > 8090
3	0	0.363463	 UDP 49153 > 8090
0	1	0.363764	 UDP 49153 > 8090
3	0	0.363988	 UDP 49153 > 8090
2	0	0.364	 UDP 49153 > 8100
1	5	0.364003	 UDP 49153 > 8090
0	1	0.364388	 UDP 49153 > 8090
3	0	0.364513	 UDP 49153 > 8090
1	5	0.364627	 UDP 49153 > 8090
0	1	0.365012	 UDP 49153 > 8090
3	0	0.365038	 UDP 49153 > 8090
1	5	0.365251	 UDP 49153 > 8090
3	0	0.365563	 UDP 49153 > 8090
0	1	0.365636	 UDP 49153 > 8090
1	5	0.365875	 UDP 49153 > 8090
3	0	0.366088	 UDP 49153 > 8090
0	1	0.36626	 UDP 49153 > 8090
1	5	0.366499	 UDP 49153 > 8090
3	0	0.366613	 UDP 49153 > 8090
0	1	0.366884	 UDP 49153 > 8090
3	0	0.367138	 UDP 49153 > 8090
0	1	0.367508	 UDP 49153 > 8090
3	0	0.367663	 UDP 49153 > 8090
1	4	0.3677	 UDP 49153 > 8100
2	0	0.368	 UDP 49153 > 8100
0	1	0.368132	 UDP 49153 > 8090
3	0	0.368188	 UDP 49153 > 8090
3	0	0.368713	 UDP 49153 > 8090
0	1	0.368756	 UDP 49153 > 8090
1	5	0.368764	 UDP 49153 > 8090
3	0	0.369238	 UDP 49153 > 8090
0	1	0.36938	 UDP 49153 > 8100
1	5	0.369388	 UDP 49153 > 8090
3	0	0.369763	 UDP 49153 > 8090
1	5	0.370012	 UDP 49153 > 8090
3	0	0.370288	 UDP 49153 > 8090
1	5	0.370636	 UDP 49153 > 8090
3	0	0.370813	 UDP 49153 > 8090
0	1	0.371022	 UDP 49153 > 8090
1	5	0.37126	 UDP 49153 > 8090
3	0	0.371338	 UDP 49153 > 8090
0	1	0.371646	 UDP 49153 > 8090
3	0	0.371863	 UDP 49153 > 8090
1	5	0.371884	 UDP 49153 > 8090
2	0	0.372	 UDP 49153 > 8100
0	1	0.37227	 UDP 49153 > 8090
3	0	0.372388	 UDP 49153 > 8090
1	5	0.372508	 UDP 49153 > 8090
0	1	0.372894	 UDP 49153 > 8090
3	0	0.372913	 UDP 49153 > 8090
1	5	0.373132	 UDP 49153 > 8090
3	0	0.373438	 UDP 49153 > 8090
0	1	0.373518	 UDP 49153 > 8090
1	5	0.373756	 UDP 49153 > 8090
3	0	0.373963	 UDP 49153 > 8090
0	1	0.374142	 UDP 49153 > 8090
1	5	0.37438	 UDP 49153 > 8090
3	0	0.374488	 UDP 49153 > 8090
0	1	0.374766	 UDP 49153 > 8090
3	0	0.375013	 UDP 49153 > 8090
0	1	0.37539	 UDP 49153 > 8090
3	0	0.375538	 UDP 49153 > 8090
1	4	0.375582	 UDP 49153 > 8100
2	0	0.376	 UDP 49153 > 8100
0	1	0.376014	 UDP 49153 > 8090
3	0	0.376063	 UDP 49153 > 8090
3	0	0.376588	 UDP 49153 > 8090
0	1	0.376638	 UDP 49153 > 8090
1	5	0.376646	 UDP 49153 > 8090
3	0	0.377113	 UDP 49153 > 8090
0	1	0.377262	 UDP 49153 > 8090
1	5	0.37727	 UDP 49153 > 8090
3	0	0.377638	 UDP 49153 > 8090
0	1	0.377886	 UDP 49153 > 8100
1	5	0.377894	 UDP 49153 > 8090
3	0	0.378163	 UDP 49153 > 8090
1	5	0.378518	 UDP 49153 > 8090
3	0	0.378688	 UDP 49153 > 8090
1	5	0.379142	 UDP 49153 > 8090
3	0	0.379213	 UDP 49153 > 8090
0	1	0.379527	 UDP 49153 > 8090
3	0	0.379738	 UDP 49153 > 8090
1	5	0.379766	 UDP 49153 > 8090
2	0	0.38	 UDP 49153 > 8100
0	1	0.380151	 UDP 49153 > 8090
3	0	0.380263	 UDP 49153 > 8090
1	5	0.38039	 UDP 49153 > 8090
0	1	0.380775	 UDP 49153 > 8090
3	0	0.380788	 UDP 49153 > 8090
1	5	0.381014	 UDP 49153 > 8090
3	0	0.381313	 UDP 49153 > 8090
0	1	0.381399	 UDP 49153 > 8090
1	5	0.381638	 UDP 49153 > 8090
3	0	0.381838	 UDP 49153 > 8090
0	1	0.382023	 UDP 49153 > 8090
1	5	0.382262	 UDP 49153 > 8090
3	0	0.382363	 UDP 49153 > 8090
0	1	0.382647	 UDP 49153 > 8090
1	5	0.382886	 UDP 49153 > 8090
3	0	0.382888	 UDP 49153 > 8090
0	1	0.383271	 UDP 49153 > 8090
3	0	0.383413	 UDP 49153 > 8090
0	1	0.383895	 UDP 49153 > 8090
3	0	0.383938	 UDP 49153 > 8090
2	0	0.384	 UDP 49153 > 8100
1	4	0.384087	 UDP 49153 > 8100
0	1	0.384519	 UDP 49153 > 8090
3	0	0.385063	 UDP 49153 > 8090
0	1	0.385143	 UDP 49153 > 8090
1	5	0.385151	 UDP 49153 > 8090
3	0	0.385663	 UDP 49153 > 8090
0	1	0.385767	 UDP 49153 > 8090
1	5	0.385775	 UDP 49153 > 8090
3	0	0.386263	 UDP 49153 > 8090
0	1	0.386391	 UDP 49153 > 8100
1	5	0.386399	 UDP 49153 > 8090
3	0	0.386863	 UDP 49153 > 8090
1	5	0.387023	 UDP 49153 > 8090
3	0	0.387463	 UDP 49153 > 8090
1	5	0.387647	 UDP 49153 > 8090
2	0	0.388	 UDP 49153 > 8100
0	1	0.388033	 UDP 49153 > 8090
3	0	0.388063	 UDP 49153 > 8090
1	5	0.388271	 UDP 49153 > 8090
0	1	0.388657	 UDP 49153 > 8090
3	0	0.388663	 UDP 49153 > 8090
1	5	0.388895	 UDP 49153 > 8090
3	0	0.389263	 UDP 49153 > 8090
0	1	0.389281	 UDP 49153 > 8090
1	5	0.389519	 UDP 49153 > 8090
3	0	0.389863	 UDP 49153 > 8090
0	1	0.389905	 UDP 49153 > 8090
1	5	0.390143	 UDP 49153 > 8090
3	0	0.390463	 UDP 49153 > 8090
0	1	0.390529	 UDP 49153 > 8090
1	5	0.390767	 UDP 49153 > 8090
3	0	0.391063	 UDP 49153 > 8090
0	1	0.391153	 UDP 49153 > 8090
1	5	0.391391	 UDP 49153 > 8090
3	0	0.391663	 UDP 49153 > 8090
0	1	0.391777	 UDP 49153 > 8090
2	0	0.392	 UDP 49153 > 8100
3	0	0.392263	 UDP 49153 > 8090
0	1	0.392401	 UDP 49153 > 8090
1	4	0.392593	 UDP 49153 > 8100
3	0	0.392863	 UDP 49153 > 8090
0	1	0.393025	 UDP 49153 > 8090
3	0	0.393463	 UDP 49153 > 8090
0	1	0.393649	 UDP 49153 > 8090
1	5	0.393657	 UDP 49153 > 8090
3	0	0.394063	 UDP 49153 > 8090
0	1	0.394273	 UDP 49153 > 8100
1	5	0.394281	 UDP 49153 > 8090
3	0	0.394663	 UDP 49153 > 8090
1	5	0.394905	 UDP 49153 > 8090
3	0	0.395263	 UDP 49153 > 8090
1	5	0.395529	 UDP 49153 > 8090
3	0	0.395863	 UDP 49153 > 8090
0	1	0.395915	 UDP 49153 > 8090
2	0	0.396	 UDP 49153 > 8100
1	5	0.396153	 UDP 49153 > 8090
3	0	0.396463	 UDP 49153 > 8090
0	1	0.396539	 UDP 49153 > 8090
1	5	0.396777	 UDP 49153 > 8090
3	0	0.397063	 UDP 49153 > 8090
0	1	0.397163	 UDP 49153 > 8090
1	5	0.397401	 UDP 49153 > 8090
3	0	0.397663	 UDP 49153 > 8090
0	1	0.397787	 UDP 49153 > 8090
1	5	0.398025	 UDP 49153 > 8090
3	0	0.398263	 UDP 49153 > 8090
0	1	0.398411	 UDP 49153 > 8090
1	5	0.398649	 UDP 49153 > 8090
3	0	0.398863	 UDP 49153 > 8090
0	1	0.399035	 UDP 49153 > 8090
1	5	0.399273	 UDP 49153 > 8090
3	0	0.399463	 UDP 49153 > 8090
0	1	0.399659	 UDP 49153 > 8090
2	0	0.4	 UDP 49153 > 8100
3	0	0.400063	 UDP 49153 > 8090
0	1	0.400283	 UDP 49153 > 8090
1	4	0.400475	 UDP 49153 > 8100
3	0	0.400663	 UDP 49153 > 8090
0	1	0.400907	 UDP 49153 > 8090
3	0	0.401263	 UDP 49153 > 8090
0	1	0.401531	 UDP 49153 > 8090
1	5	0.401539	 UDP 49153 > 8090
3	0	0.401863	 UDP 49153 > 8090
0	1	0.402155	 UDP 49153 > 8100
1	5	0.402163	 UDP 49153 > 8090
3	0	0.402463	 UDP 49153 > 8090
1	5	0.402787	 UDP 49153 > 8090
3	0	0.403063	 UDP 49153 > 8090
1	5	0.403411	 UDP 49153 > 8090
3	0	0.403663	 UDP 49153 > 8090
0	1	0.403796	 UDP 49153 > 8090
2	0	0.404	 UDP 49153 > 8100
1	5	0.404035	 UDP 49153 > 8090
3	0	0.404263	 UDP 49153 > 8090
0	1	0.40442	 UDP 49153 > 8090
1	5	0.404659	 UDP 49153 > 8090
3	0	0.404863	 UDP 49153 > 8090
0	1	0.405044	 UDP 49153 > 8090
1	5	0.405283	 UDP 49153 > 8090
3	0	0.405463	 UDP 49153 > 8090
0	1	0.405668	 UDP 49153 > 8090
1	5	0.405907	 UDP 49153 > 8090
3	0	0.406063	 UDP 49153 > 8090
0	1	0.406292	 UDP 49153 > 8090
1	5	0.406531	 UDP 49153 > 8090
3	0	0.406663	 UDP 49153 > 8090
0	1	0.406916	 UDP 49153 > 8090
1	5	0.407155	 UDP 49153 > 8090
3	0	0.407263	 UDP 49153 > 8090
0	1	0.40754	 UDP 49153 > 8090
3	0	0.407863	 UDP 49153 > 8090
2	0	0.408	 UDP 49153 > 8100
0	1	0.408164	 UDP 49153 > 8090
1	4	0.408356	 UDP 49153 > 8100
3	0	0.408463	 UDP 49153 > 8090
0	1	0.408788	 UDP 49153 > 8090
3	0	0.409063	 UDP 49153 > 8090
0	1	0.409412	 UDP 49153 > 8100
1	5	0.40942	 UDP 49153 > 8090
3	0	0.409663	 UDP 49153 > 8090
1	5	0.410044	 UDP 49153 > 8090
3	0	0.410263	 UDP 49153 > 8090
1	5	0.410668	 UDP 49153 > 8090
3	0	0.410863	 UDP 49153 > 8090
0	1	0.411054	 UDP 49153 > 8090
1	5	0.411292	 UDP 49153 > 8090
3	0	0.411463	 UDP 49153 > 8090
0	1	0.411678	 UDP 49153 > 8090
1	5	0.411916	 UDP 49153 > 8090
2	0	0.412	 UDP 49153 > 8100
3	0	0.412063	 UDP 49153 > 8090
0	1	0.412302	 UDP 49153 > 8090
1	5	0.41254	 UDP 49153 > 8090
3	0	0.412663	 UDP 49153 > 8090
0	1	0.412926	 UDP 49153 > 8090
1	5	0.413164	 UDP 49153 > 8090
3	0	0.413263	 UDP 49153 > 8090
0	1	0.41355	 UDP 49153 > 8090
1	5	0.413788	 UDP 49153 > 8090
3	0	0.413863	 UDP 49153 > 8090
0	1	0.414174	 UDP 49153 > 8090
1	5	0.414412	 UDP 49153 > 8090
3	0	0.414463	 UDP 49153 > 8090
0	1	0.414798	 UDP 49153 > 8090
3	0	0.415063	 UDP 49153 > 8090
0	1	0.415422	 UDP 49153 > 8090
1	4	0.415614	 UDP 49153 > 8100
3	0	0.415663	 UDP 49153 > 8090
2	0	0.416	 UDP 49153 > 8100
0	1	0.416046	 UDP 49153 > 8100
3	0	0.416263	 UDP 49153 > 8090
1	5	0.416678	 UDP 49153 > 8090
3	0	0.416863	 UDP 49153 > 8090
0	1	0.417247	 UDP 49153 > 8090
1	5	0.417302	 UDP 49153 > 8090
3	0	0.417463	 UDP 49153 > 8090
1	5	0.417926	 UDP 49153 > 8090
3	0	0.418063	 UDP 49153 > 8090
0	1	0.418311	 UDP 49153 > 8090
1	5	0.41855	 UDP 49153 > 8090
3	0	0.418663	 UDP 49153 > 8090
0	1	0.418935	 UDP 49153 > 8090
1	5	0.419174	 UDP 49153 > 8090
3	0	0.419263	 UDP 49153 > 8090
0	1	0.419559	 UDP 49153 > 8090
1	5	0.419798	 UDP 49153 > 8090
3	0	0.419863	 UDP 49153 > 8090
2	0	0.42	 UDP 49153 > 8100
0	1	0.420183	 UDP 49153 > 8090
1	5	0.420422	 UDP 49153 > 8090
3	0	0.420463	 UDP 49153 > 8090
0	1	0.420807	 UDP 49153 > 8090
1	5	0.421046	 UDP 49153 > 8090
3	0	0.421063	 UDP 49153 > 8090
0	1	0.421431	 UDP 49153 > 8090
3	0	0.421663	 UDP 49153 > 8090
0	1	0.422055	 UDP 49153 > 8090
1	4	0.422247	 UDP 49153 > 8100
3	0	0.422263	 UDP 49153 > 8090
0	1	0.422679	 UDP 49153 > 8090
3	0	0.422863	 UDP 49153 > 8090
1	5	0.422871	 UDP 49153 > 8090
0	1	0.423303	 UDP 49153 > 8100
3	0	0.423463	 UDP 49153 > 8090
1	5	0.423935	 UDP 49153 > 8090
2	0	0.424	 UDP 49153 > 8100
3	0	0.424063	 UDP 49153 > 8090
1	5	0.424559	 UDP 49153 > 8090
3	0	0.424663	 UDP 49153 > 8090
0	1	0.424945	 UDP 49153 > 8090
1	5	0.425183	 UDP 49153 > 8090
3	0	0.425263	 UDP 49153 > 8090
0	1	0.425569	 UDP 49153 > 8090
1	5	0.425807	 UDP 49153 > 8090
3	0	0.425863	 UDP 49153 > 8090
0	1	0.426193	 UDP 49153 > 8090
1	5	0.426431	 UDP 49153 > 8090
3	0	0.426463	 UDP 49153 > 8090
0	1	0.426817	 UDP 49153 > 8090
1	5	0.427055	 UDP 49153 > 8090
3	0	0.427063	 UDP 49153 > 8090
0	1	0.427441	 UDP 49153 > 8090
3	0	0.427663	 UDP 49153 > 8090
1	5	0.427679	 UDP 49153 > 8090
2	0	0.428	 UDP 49153 > 8100
0	1	0.428065	 UDP 49153 > 8090
3	0	0.428263	 UDP 49153 > 8090
1	5	0.428303	 UDP 49153 > 8090
0	1	0.428689	 UDP 49153 > 8090
3	0	0.428863	 UDP 49153 > 8090
0	1	0.429313	 UDP 49153 > 8090
3	0	0.429463	 UDP 49153 > 8090
1	4	0.429505	 UDP 49153 > 8100
0	1	0.429937	 UDP 49153 > 8090
3	0	0.430063	 UDP 49153 > 8090
0	1	0.430561	 UDP 49153 > 8100
1	5	0.430569	 UDP 49153 > 8090
3	0	0.430663	 UDP 49153 > 8090
1	5	0.431193	 UDP 49153 > 8090
3	0	0.431263	 UDP 49153 > 8090
1	5	0.431817	 UDP 49153 > 8090
3	0	0.431863	 UDP 49153 > 8090
2	0	0.432	 UDP 49153 > 8100
0	1	0.432203	 UDP 49153 > 8090
1	5	0.432441	 UDP 49153 > 8090
3	0	0.432463	 UDP 49153 > 8090
0	1	0.432827	 UDP 49153 > 8090
3	0	0.433063	 UDP 49153 > 8090
1	5	0.433065	 UDP 49153 > 8090
0	1	0.433451	 UDP 49153 > 8090
3	0	0.433663	 UDP 49153 > 8090
1	5	0.433689	 UDP 49153 > 8090
0	1	0.434075	 UDP 49153 > 8090
3	0	0.434263	 UDP 49153 > 8090
1	5	0.434313	 UDP 49153 > 8090
0	1	0.434699	 UDP 49153 > 8090
3	0	0.434863	 UDP 49153 > 8090
1	5	0.434937	 UDP 49153 > 8090
0	1	0.435323	 UDP 49153 > 8090
3	0	0.435463	 UDP 49153 > 8090
1	5	0.435561	 UDP 49153 > 8090
0	1	0.435947	 UDP 49153 > 8090
2	0	0.436	 UDP 49153 > 8100
3	0	0.436063	 UDP 49153 > 8090
0	1	0.436571	 UDP 49153 > 8090
3	0	0.436663	 UDP 49153 > 8090
1	4	0.436763	 UDP 49153 > 8100
0	1	0.437195	 UDP 49153 > 8090
3	0	0.437263	 UDP 49153 > 8090
0	1	0.437819	 UDP 49153 > 8100
1	5	0.437827	 UDP 49153 > 8090
3	0	0.437863	 UDP 49153 > 8090
1	5	0.438451	 UDP 49153 > 8090
3	0	0.438463	 UDP 49153 > 8090
3	0	0.439063	 UDP 49153 > 8090
1	5	0.439075	 UDP 49153 > 8090
0	1	0.43946	 UDP 49153 > 8090
3	0	0.439663	 UDP 49153 > 8090
1	5	0.439699	 UDP 49153 > 8090
2	0	0.44	 UDP 49153 > 8100
0	1	0.440084	 UDP 49153 > 8090
3	0	0.440263	 UDP 49153 > 8090
1	5	0.440323	 UDP 49153 > 8090
0	1	0.440708	 UDP 49153 > 8090
3	0	0.440863	 UDP 49153 > 8090
1	5	0.440947	 UDP 49153 > 8090
0	1	0.441332	 UDP 49153 > 8090
3	0	0.441463	 UDP 49153 > 8090
1	5	0.441571	 UDP 49153 > 8090
0	1	0.441956	 UDP 49153 > 8090
3	0	0.442063	 UDP 49153 > 8090
1	5	0.442195	 UDP 49153 > 8090
0	1	0.44258	 UDP 49153 > 8090
3	0	0.442663	 UDP 49153 > 8090
1	5	0.442819	 UDP 49153 > 8090
0	1	0.443204	 UDP 49153 > 8090
3	0	0.443263	 UDP 49153 > 8090
0	1	0.443828	 UDP 49153 > 8090
3	0	0.443863	 UDP 49153 > 8090
2	0	0.444	 UDP 49153 > 8100
1	4	0.44402	 UDP 49153 > 8100
0	1	0.444452	 UDP 49153 > 8090
3	0	0.444463	 UDP 49153 > 8090
0	1	0.445076	 UDP 49153 > 8100
1	5	0.445084	 UDP 49153 > 8090
1	5	0.445708	 UDP 49153 > 8090
3	0	0.445738	 UDP 49153 > 8090
1	5	0.446332	 UDP 49153 > 8090
3	0	0.446413	 UDP 49153 > 8090
0	1	0.446718	 UDP 49153 > 8090
1	5	0.446956	 UDP 49153 > 8090
3	0	0.447088	 UDP 49153 > 8090
0	1	0.447342	 UDP 49153 > 8090
1	5	0.44758	 UDP 49153 > 8090
3	0	0.447763	 UDP 49153 > 8090
0	1	0.447966	 UDP 49153 > 8090
2	0	0.448	 UDP 49153 > 8100
1	5	0.448204	 UDP 49153 > 8090
3	0	0.448438	 UDP 49153 > 8090
0	1	0.44859	 UDP 49153 > 8090
1	5	0.448828	 UDP 49153 > 8090
3	0	0.449113	 UDP 49153 > 8090
0	1	0.449214	 UDP 49153 > 8090
1	5	0.449452	 UDP 49153 > 8090
3	0	0.449788	 UDP 49153 > 8090
0	1	0.449838	 UDP 49153 > 8090
1	5	0.450076	 UDP 49153 > 8090
0	1	0.450462	 UDP 49153 > 8090
3	0	0.450463	 UDP 49153 > 8090
0	1	0.451086	 UDP 49153 > 8090
3	0	0.451138	 UDP 49153 > 8090
1	4	0.451278	 UDP 49153 > 8100
0	1	0.45171	 UDP 49153 > 8090
3	0	0.451813	 UDP 49153 > 8090
2	0	0.452	 UDP 49153 > 8100
0	1	0.452334	 UDP 49153 > 8100
1	5	0.452342	 UDP 49153 > 8090
3	0	0.452488	 UDP 49153 > 8090
1	5	0.452966	 UDP 49153 > 8090
3	0	0.453163	 UDP 49153 > 8090
1	5	0.45359	 UDP 49153 > 8090
3	0	0.453838	 UDP 49153 > 8090
0	1	0.453975	 UDP 49153 > 8090
1	5	0.454214	 UDP 49153 > 8090
3	0	0.454513	 UDP 49153 > 8090
0	1	0.454599	 UDP 49153 > 8090
1	5	0.454838	 UDP 49153 > 8090
3	0	0.455188	 UDP 49153 > 8090
0	1	0.455223	 UDP 49153 > 8090
1	5	0.455462	 UDP 49153 > 8090
0	1	0.455847	 UDP 49153 > 8090
3	0	0.455863	 UDP 49153 > 8090
2	0	0.456	 UDP 49153 > 8100
1	5	0.456086	 UDP 49153 > 8090
0	1	0.456471	 UDP 49153 > 8090
3	0	0.456538	 UDP 49153 > 8090
1	5	0.45671	 UDP 49153 > 8090
0	1	0.457095	 UDP 49153 > 8090
3	0	0.457213	 UDP 49153 > 8090
1	5	0.457334	 UDP 49153 > 8090
0	1	0.457719	 UDP 49153 > 8090
3	0	0.457888	 UDP 49153 > 8090
0	1	0.458343	 UDP 49153 > 8090
1	4	0.458535	 UDP 49153 > 8100
3	0	0.458563	 UDP 49153 > 8090
0	1	0.458967	 UDP 49153 > 8090
3	0	0.459238	 UDP 49153 > 8090
0	1	0.459591	 UDP 49153 > 8100
1	5	0.459599	 UDP 49153 > 8090
3	0	0.459913	 UDP 49153 > 8090
2	0	0.46	 UDP 49153 > 8100
1	5	0.460223	 UDP 49153 > 8090
3	0	0.460588	 UDP 49153 > 8090
1	5	0.460847	 UDP 49153 > 8090
0	1	0.461233	 UDP 49153 > 8090
3	0	0.461263	 UDP 49153 > 8090
1	5	0.461471	 UDP 49153 > 8090
0	1	0.461857	 UDP 49153 > 8090
3	0	0.461938	 UDP 49153 > 8090
1	5	0.462095	 UDP 49153 > 8090
0	1	0.462481	 UDP 49153 > 8090
3	0	0.462613	 UDP 49153 > 8090
1	5	0.462719	 UDP 49153 > 8090
0	1	0.463105	 UDP 49153 > 8090
3	0	0.463288	 UDP 49153 > 8090
1	5	0.463343	 UDP 49153 > 8090
0	1	0.463729	 UDP 49153 > 8090
3	0	0.463963	 UDP 49153 > 8090
1	5	0.463967	 UDP 49153 > 8090
2	0	0.464	 UDP 49153 > 8100
0	1	0.464353	 UDP 49153 > 8090
1	5	0.464591	 UDP 49153 > 8090
3	0	0.464638	 UDP 49153 > 8090
0	1	0.464977	 UDP 49153 > 8090
3	0	0.465313	 UDP 49153 > 8090
0	1	0.465601	 UDP 49153 > 8090
1	4	0.465793	 UDP 49153 > 8100
3	0	0.465988	 UDP 49153 > 8090
0	1	0.466225	 UDP 49153 > 8090
3	0	0.466663	 UDP 49153 > 8090
0	1	0.466849	 UDP 49153 > 8100
1	5	0.466857	 UDP 49153 > 8090
3	0	0.467338	 UDP 49153 > 8090
1	5	0.467481	 UDP 49153 > 8090
2	0	0.468	 UDP 49153 > 8100
3	0	0.468013	 UDP 49153 > 8090
1	5	0.468105	 UDP 49153 > 8090
0	1	0.468491	 UDP 49153 > 8090
3	0	0.468688	 UDP 49153 > 8090
1	5	0.468729	 UDP 49153 > 8090
0	1	0.469115	 UDP 49153 > 8090
1	5	0.469353	 UDP 49153 > 8090
3	0	0.469363	 UDP 49153 > 8090
0	1	0.469739	 UDP 49153 > 8090
1	5	0.469977	 UDP 49153 > 8090
3	0	0.470038	 UDP 49153 > 8090
0	1	0.470363	 UDP 49153 > 8090
1	5	0.470601	 UDP 49153 > 8090
3	0	0.470713	 UDP 49153 > 8090
0	1	0.470987	 UDP 49153 > 8090
1	5	0.471225	 UDP 49153 > 8090
3	0	0.471388	 UDP 49153 > 8090
0	1	0.471611	 UDP 49153 > 8090
1	5	0.471849	 UDP 49153 > 8090
2	0	0.472	 UDP 49153 > 8100
3	0	0.472063	 UDP 49153 > 8090
0	1	0.472235	 UDP 49153 > 8090
3	0	0.472738	 UDP 49153 > 8090
0	1	0.472859	 UDP 49153 > 8090
1	4	0.473051	 UDP 49153 > 8100
3	0	0.473413	 UDP 49153 > 8090
0	1	0.473483	 UDP 49153 > 8090
3	0	0.474088	 UDP 49153 > 8090
0	1	0.474107	 UDP 49153 > 8100
1	5	0.474115	 UDP 49153 > 8090
1	5	0.474739	 UDP 49153 > 8090
3	0	0.474763	 UDP 49153 > 8090
1	5	0.475363	 UDP 49153 > 8090
3	0	0.475438	 UDP 49153 > 8090
0	1	0.475748	 UDP 49153 > 8090
1	5	0.475987	 UDP 49153 > 8090
2	0	0.476	 UDP 49153 > 8100
3	0	0.476113	 UDP 49153 > 8090
0	1	0.476372	 UDP 49153 > 8090
1	5	0.476611	 UDP 49153 > 8090
3	0	0.476788	 UDP 49153 > 8090
0	1	0.476996	 UDP 49153 > 8090
1	5	0.477235	 UDP 49153 > 8090
3	0	0.477463	 UDP 49153 > 8090
0	1	0.47762	 UDP 49153 > 8090
1	5	0.477859	 UDP 49153 > 8090
3	0	0.478138	 UDP 49153 > 8090
0	1	0.478244	 UDP 49153 > 8090
1	5	0.478483	 UDP 49153 > 8090
3	0	0.478813	 UDP 49153 > 8090
0	1	0.478868	 UDP 49153 > 8090
1	5	0.479107	 UDP 49153 > 8090
3	0	0.479488	 UDP 49153 > 8090
0	1	0.479492	 UDP 49153 > 8090
2	0	0.48	 UDP 49153 > 8100
0	1	0.480116	 UDP 49153 > 8090
3	0	0.480163	 UDP 49153 > 8090
1	4	0.480308	 UDP 49153 > 8100
0	1	0.48074	 UDP 49153 > 8100
3	0	0.480838	 UDP 49153 > 8090
1	5	0.481372	 UDP 49153 > 8090
3	0	0.481513	 UDP 49153 > 8090
0	1	0.481942	 UDP 49153 > 8090
1	5	0.481996	 UDP 49153 > 8090
3	0	0.482188	 UDP 49153 > 8090
1	5	0.48262	 UDP 49153 > 8090
3	0	0.482863	 UDP 49153 > 8090
0	1	0.483006	 UDP 49153 > 8090
1	5	0.483244	 UDP 49153 > 8090
3	0	0.483538	 UDP 49153 > 8090
0	1	0.48363	 UDP 49153 > 8090
1	5	0.483868	 UDP 49153 > 8090
2	0	0.484	 UDP 49153 > 8100
3	0	0.484213	 UDP 49153 > 8090
0	1	0.484254	 UDP 49153 > 8090
1	5	0.484492	 UDP 49153 > 8090
0	1	0.484878	 UDP 49153 > 8090
3	0	0.484888	 UDP 49153 > 8090
1	5	0.485116	 UDP 49153 > 8090
0	1	0.485502	 UDP 49153 > 8090
3	0	0.485563	 UDP 49153 > 8090
1	5	0.48574	 UDP 49153 > 8090
0	1	0.486126	 UDP 49153 > 8090
3	0	0.486238	 UDP 49153 > 8090
0	1	0.48675	 UDP 49153 > 8090
3	0	0.486913	 UDP 49153 > 8090
1	4	0.486942	 UDP 49153 > 8100
0	1	0.487374	 UDP 49153 > 8100
1	5	0.487566	 UDP 49153 > 8090
3	0	0.487588	 UDP 49153 > 8090
2	0	0.488	 UDP 49153 > 8100
3	0	0.488263	 UDP 49153 > 8090
1	5	0.48863	 UDP 49153 > 8090
3	0	0.488938	 UDP 49153 > 8090
0	1	0.489015	 UDP 49153 > 8090
1	5	0.489254	 UDP 49153 > 8090
3	0	0.489613	 UDP 49153 > 8090
0	1	0.489639	 UDP 49153 > 8090
1	5	0.489878	 UDP 49153 > 8090
0	1	0.490263	 UDP 49153 > 8090
3	0	0.490288	 UDP 49153 > 8090
1	5	0.490502	 UDP 49153 > 8090
0	1	0.490887	 UDP 49153 > 8090
3	0	0.490963	 UDP 49153 > 8090
1	5	0.491126	 UDP 49153 > 8090
0	1	0.491511	 UDP 49153 > 8090
3	0	0.491638	 UDP 49153 > 8090
1	5	0.49175	 UDP 49153 > 8090
2	0	0.492	 UDP 49153 > 8100
0	1	0.492135	 UDP 49153 > 8090
3	0	0.492313	 UDP 49153 > 8090
1	5	0.492374	 UDP 49153 > 8090
0	1	0.492759	 UDP 49153 > 8090
3	0	0.492988	 UDP 49153 > 8090
0	1	0.493383	 UDP 49153 > 8090
1	4	0.493575	 UDP 49153 > 8100
3	0	0.493663	 UDP 49153 > 8090
0	1	0.494007	 UDP 49153 > 8090
3	0	0.494338	 UDP 49153 > 8090
0	1	0.494631	 UDP 49153 > 8100
1	5	0.494639	 UDP 49153 > 8090
3	0	0.495013	 UDP 49153 > 8090
1	5	0.495263	 UDP 49153 > 8090
3	0	0.495688	 UDP 49153 > 8090
1	5	0.495887	 UDP 49153 > 8090
2	0	0.496	 UDP 49153 > 8100
0	1	0.496273	 UDP 49153 > 8090
3	0	0.496363	 UDP 49153 > 8090
1	5	0.496511	 UDP 49153 > 8090
0	1	0.496897	 UDP 49153 > 8090
3	0	0.497038	 UDP 49153 > 8090
1	5	0.497135	 UDP 49153 > 8090
0	1	0.497521	 UDP 49153 > 8090
3	0	0.497713	 UDP 49153 > 8090
1	5	0.497759	 UDP 49153 > 8090
0	1	0.498145	 UDP 49153 > 8090
1	5	0.498383	 UDP 49153 > 8090
3	0	0.498388	 UDP 49153 > 8090
0	1	0.498769	 UDP 49153 > 8090
1	5	0.499007	 UDP 49153 > 8090
3	0	0.499063	 UDP 49153 > 8090
0	1	0.499393	 UDP 49153 > 8090
1	5	0.499631	 UDP 49153 > 8090
3	0	0.499738	 UDP 49153 > 8090
2	0	0.5	 UDP 49153 > 8100
0	1	0.500017	 UDP 49153 > 8090
3	0	0.500413	 UDP 49153 > 8090
0	1	0.500641	 UDP 49153 > 8090
1	4	0.500833	 UDP 49153 > 8100
3	0	0.501088	 UDP 49153 > 8090
0	1	0.501265	 UDP 49153 > 8090
3	0	0.501763	 UDP 49153 > 8090
0	1	0.501889	 UDP 49153 > 8100
1	5	0.501897	 UDP 49153 > 8090
3	0	0.502438	 UDP 49153 > 8090
1	5	0.502521	 UDP 49153 > 8090
3	0	0.503113	 UDP 49153 > 8090
1	5	0.503145	 UDP 49153 > 8090
0	1	0.503531	 UDP 49153 > 8090
1	5	0.503769	 UDP 49153 > 8090
3	0	0.503788	 UDP 49153 > 8090
2	0	0.504	 UDP 49153 > 8100
0	1	0.504155	 UDP 49153 > 8090
1	5	0.504393	 UDP 49153 > 8090
3	0	0.504463	 UDP 49153 > 8090
0	1	0.504779	 UDP 49153 > 8090
1	5	0.505017	 UDP 49153 > 8090
3	0	0.505138	 UDP 49153 > 8090
0	1	0.505403	 UDP 49153 > 8090
1	5	0.505641	 UDP 49153 > 8090
3	0	0.505813	 UDP 49153 > 8090
0	1	0.506027	 UDP 49153 > 8090
1	5	0.506265	 UDP 49153 > 8090
3	0	0.506488	 UDP 49153 > 8090
0	1	0.506651	 UDP 49153 > 8090
1	5	0.506889	 UDP 49153 > 8090
3	0	0.507163	 UDP 49153 > 8090
0	1	0.507275	 UDP 49153 > 8090
3	0	0.507838	 UDP 49153 > 8090
0	1	0.507899	 UDP 49153 > 8090
2	0	0.508	 UDP 49153 > 8100
1	4	0.508091	 UDP 49153 > 8100
3	0	0.508513	 UDP 49153 > 8090
0	1	0.508523	 UDP 49153 > 8090
0	1	0.509147	 UDP 49153 > 8100
1	5	0.509155	 UDP 49153 > 8090
3	0	0.509188	 UDP 49153 > 8090
1	5	0.509779	 UDP 49153 > 8090
3	0	0.509863	 UDP 49153 > 8090
1	5	0.510403	 UDP 49153 > 8090
3	0	0.510538	 UDP 49153 > 8090
0	1	0.510788	 UDP 49153 > 8090
1	5	0.511027	 UDP 49153 > 8090
3	0	0.511213	 UDP 49153 > 8090
0	1	0.511412	 UDP 49153 > 8090
1	5	0.511651	 UDP 49153 > 8090
3	0	0.511888	 UDP 49153 > 8090
2	0	0.512	 UDP 49153 > 8100
0	1	0.512036	 UDP 49153 > 8090
1	5	0.512275	 UDP 49153 > 8090
3	0	0.512563	 UDP 49153 > 8090
0	1	0.51266	 UDP 49153 > 8090
1	5	0.512899	 UDP 49153 > 8090
0	1	0.513284	 UDP 49153 > 8090
1	5	0.513523	 UDP 49153 > 8090
0	1	0.513908	 UDP 49153 > 8090
3	0	0.513988	 UDP 49153 > 8090
1	5	0.514147	 UDP 49153 > 8090
0	1	0.514532	 UDP 49153 > 8090
3	0	0.514738	 UDP 49153 > 8090
0	1	0.515156	 UDP 49153 > 8090
1	4	0.515348	 UDP 49153 > 8100
3	0	0.515488	 UDP 49153 > 8090
0	1	0.51578	 UDP 49153 > 8090
2	0	0.516	 UDP 49153 > 8100
3	0	0.516238	 UDP 49153 > 8090
0	1	0.516404	 UDP 49153 > 8100
1	5	0.516412	 UDP 49153 > 8090
3	0	0.516988	 UDP 49153 > 8090
1	5	0.517036	 UDP 49153 > 8090
1	5	0.51766	 UDP 49153 > 8090
3	0	0.517738	 UDP 49153 > 8090
0	1	0.518046	 UDP 49153 > 8090
1	5	0.518284	 UDP 49153 > 8090
3	0	0.518488	 UDP 49153 > 8090
0	1	0.51867	 UDP 49153 > 8090
1	5	0.518908	 UDP 49153 > 8090
3	0	0.519238	 UDP 49153 > 8090
0	1	0.519294	 UDP 49153 > 8090
1	5	0.519532	 UDP 49153 > 8090
0	1	0.519918	 UDP 49153 > 8090
3	0	0.519988	 UDP 49153 > 8090
2	0	0.52	 UDP 49153 > 8100
1	5	0.520156	 UDP 49153 > 8090
0	1	0.520542	 UDP 49153 > 8090
3	0	0.520738	 UDP 49153 > 8090
1	5	0.52078	 UDP 49153 > 8090
0	1	0.521166	 UDP 49153 > 8090
1	5	0.521404	 UDP 49153 > 8090
3	0	0.521488	 UDP 49153 > 8090
0	1	0.52179	 UDP 49153 > 8090
3	0	0.522238	 UDP 49153 > 8090
0	1	0.522414	 UDP 49153 > 8090
1	4	0.522606	 UDP 49153 > 8100
3	0	0.522988	 UDP 49153 > 8090
0	1	0.523038	 UDP 49153 > 8090
0	1	0.523662	 UDP 49153 > 8100
1	5	0.52367	 UDP 49153 > 8090
3	0	0.523738	 UDP 49153 > 8090
2	0	0.524	 UDP 49153 > 8100
1	5	0.524294	 UDP 49153 > 8090
3	0	0.524488	 UDP 49153 > 8090
1	5	0.524918	 UDP 49153 > 8090
3	0	0.525238	 UDP 49153 > 8090
0	1	0.525303	 UDP 49153 > 8090
1	5	0.525542	 UDP 49153 > 8090
0	1	0.525927	 UDP 49153 > 8090
3	0	0.525988	 UDP 49153 > 8090
1	5	0.526166	 UDP 49153 > 8090
0	1	0.526551	 UDP 49153 > 8090
3	0	0.526738	 UDP 49153 > 8090
1	5	0.52679	 UDP 49153 > 8090
0	1	0.527175	 UDP 49153 > 8090
1	5	0.527414	 UDP 49153 > 8090
3	0	0.527488	 UDP 49153 > 8090
0	1	0.527799	 UDP 49153 > 8090
2	0	0.528	 UDP 49153 > 8100
1	5	0.528038	 UDP 49153 > 8090
3	0	0.528238	 UDP 49153 > 8090
0	1	0.528423	 UDP 49153 > 8090
1	5	0.528662	 UDP 49153 > 8090
3	0	0.528988	 UDP 49153 > 8090
0	1	0.529047	 UDP 49153 > 8090
0	1	0.529671	 UDP 49153 > 8090
3	0	0.529738	 UDP 49153 > 8090
1	4	0.529863	 UDP 49153 > 8100
0	1	0.530295	 UDP 49153 > 8090
3	0	0.530488	 UDP 49153 > 8090
0	1	0.530919	 UDP 49153 > 8100
1	5	0.530927	 UDP 49153 > 8090
3	0	0.531238	 UDP 49153 > 8090
1	5	0.531551	 UDP 49153 > 8090
3	0	0.531988	 UDP 49153 > 8090
2	0	0.532	 UDP 49153 > 8100
1	5	0.532175	 UDP 49153 > 8090
0	1	0.532561	 UDP 49153 > 8090
3	0	0.532738	 UDP 49153 > 8090
1	5	0.532799	 UDP 49153 > 8090
0	1	0.533185	 UDP 49153 > 8090
1	5	0.533423	 UDP 49153 > 8090
3	0	0.533488	 UDP 49153 > 8090
0	1	0.533809	 UDP 49153 > 8090
1	5	0.534047	 UDP 49153 > 8090
3	0	0.534238	 UDP 49153 > 8090
0	1	0.534433	 UDP 49153 > 8090
1	5	0.534671	 UDP 49153 > 8090
3	0	0.534988	 UDP 49153 > 8090
0	1	0.535057	 UDP 49153 > 8090
1	5	0.535295	 UDP 49153 > 8090
0	1	0.535681	 UDP 49153 > 8090
3	0	0.535738	 UDP 49153 > 8090
1	5	0.535919	 UDP 49153 > 8090
2	0	0.536	 UDP 49153 > 8100
0	1	0.536305	 UDP 49153 > 8090
3	0	0.536488	 UDP 49153 > 8090
0	1	0.536929	 UDP 49153 > 8090
1	4	0.537121	 UDP 49153 > 8100
3	0	0.537238	 UDP 49153 > 8090
0	1	0.537553	 UDP 49153 > 8090
3	0	0.537988	 UDP 49153 > 8090
0	1	0.538177	 UDP 49153 > 8100
1	5	0.538185	 UDP 49153 > 8090
3	0	0.538738	 UDP 49153 > 8090
1	5	0.538809	 UDP 49153 > 8090
1	5	0.539433	 UDP 49153 > 8090
3	0	0.539488	 UDP 49153 > 8090
0	1	0.539818	 UDP 49153 > 8090
2	0	0.54	 UDP 49153 > 8100
1	5	0.540057	 UDP 49153 > 8090
3	0	0.540238	 UDP 49153 > 8090
0	1	0.540442	 UDP 49153 > 8090
1	5	0.540681	 UDP 49153 > 8090
3	0	0.540988	 UDP 49153 > 8090
0	1	0.541066	 UDP 49153 > 8090
1	5	0.541305	 UDP 49153 > 8090
0	1	0.54169	 UDP 49153 > 8090
3	0	0.541738	 UDP 49153 > 8090
1	5	0.541929	 UDP 49153 > 8090
0	1	0.542314	 UDP 49153 > 8090
3	0	0.542488	 UDP 49153 > 8090
1	5	0.542553	 UDP 49153 > 8090
0	1	0.542938	 UDP 49153 > 8090
1	5	0.543177	 UDP 49153 > 8090
3	0	0.543238	 UDP 49153 > 8090
0	1	0.543562	 UDP 49153 > 8090
3	0	0.543988	 UDP 49153 > 8090
2	0	0.544	 UDP 49153 > 8100
0	1	0.544186	 UDP 49153 > 8090
1	4	0.544378	 UDP 49153 > 8100
3	0	0.544738	 UDP 49153 > 8090
0	1	0.54481	 UDP 49153 > 8100
1	5	0.545442	 UDP 49153 > 8090
3	0	0.545488	 UDP 49153 > 8090
0	1	0.546012	 UDP 49153 > 8090
1	5	0.546066	 UDP 49153 > 8090
3	0	0.546238	 UDP 49153 > 8090
1	5	0.54669	 UDP 49153 > 8090
3	0	0.546988	 UDP 49153 > 8090
0	1	0.547076	 UDP 49153 > 8090
1	5	0.547314	 UDP 49153 > 8090
0	1	0.5477	 UDP 49153 > 8090
3	0	0.547738	 UDP 49153 > 8090
1	5	0.547938	 UDP 49153 > 8090
2	0	0.548	 UDP 49153 > 8100
0	1	0.548324	 UDP 49153 > 8090
3	0	0.548488	 UDP 49153 > 8090
1	5	0.548562	 UDP 49153 > 8090
0	1	0.548948	 UDP 49153 > 8090
1	5	0.549186	 UDP 49153 > 8090
3	0	0.549238	 UDP 49153 > 8090
0	1	0.549572	 UDP 49153 > 8090
1	5	0.54981	 UDP 49153 > 8090
3	0	0.549988	 UDP 49153 > 8090
0	1	0.550196	 UDP 49153 > 8090
3	0	0.550738	 UDP 49153 > 8090
0	1	0.55082	 UDP 49153 > 8090
1	4	0.551012	 UDP 49153 > 8100
0	1	0.551444	 UDP 49153 > 8090
3	0	0.551488	 UDP 49153 > 8090
1	5	0.551636	 UDP 49153 > 8090
2	0	0.552	 UDP 49153 > 8100
0	1	0.552068	 UDP 49153 > 8100
3	0	0.552238	 UDP 49153 > 8090
1	5	0.5527	 UDP 49153 > 8090
3	0	0.552988	 UDP 49153 > 8090
1	5	0.553324	 UDP 49153 > 8090
0	1	0.55371	 UDP 49153 > 8090
3	0	0.553738	 UDP 49153 > 8090
1	5	0.553948	 UDP 49153 > 8090
0	1	0.554334	 UDP 49153 > 8090
3	0	0.554488	 UDP 49153 > 8090
1	5	0.554572	 UDP 49153 > 8090
0	1	0.554958	 UDP 49153 > 8090
1	5	0.555196	 UDP 49153 > 8090
3	0	0.555238	 UDP 49153 > 8090
0	1	0.555582	 UDP 49153 > 8090
1	5	0.55582	 UDP 49153 > 8090
3	0	0.555988	 UDP 49153 > 8090
2	0	0.556	 UDP 49153 > 8100
0	1	0.556206	 UDP 49153 > 8090
1	5	0.556444	 UDP 49153 > 8090
3	0	0.556738	 UDP 49153 > 8090
0	1	0.55683	 UDP 49153 > 8090
1	5	0.557068	 UDP 49153 > 8090
0	1	0.557454	 UDP 49153 > 8090
3	0	0.557488	 UDP 49153 > 8090
0	1	0.558078	 UDP 49153 > 8090
3	0	0.558238	 UDP 49153 > 8090
1	4	0.55827	 UDP 49153 > 8100
0	1	0.558702	 UDP 49153 > 8090
3	0	0.558988	 UDP 49153 > 8090
0	1	0.559326	 UDP 49153 > 8100
1	5	0.559334	 UDP 49153 > 8090
3	0	0.559738	 UDP 49153 > 8090
1	5	0.559958	 UDP 49153 > 8090
2	0	0.56	 UDP 49153 > 8100
3	0	0.560488	 UDP 49153 > 8090
1	5	0.560582	 UDP 49153 > 8090
0	1	0.560967	 UDP 49153 > 8090
1	5	0.561206	 UDP 49153 > 8090
3	0	0.561238	 UDP 49153 > 8090
0	1	0.561591	 UDP 49153 > 8090
1	5	0.56183	 UDP 49153 > 8090
3	0	0.561988	 UDP 49153 > 8090
0	1	0.562215	 UDP 49153 > 8090
1	5	0.562454	 UDP 49153 > 8090
3	0	0.562738	 UDP 49153 > 8090
0	1	0.562839	 UDP 49153 > 8090
1	5	0.563078	 UDP 49153 > 8090
0	1	0.563463	 UDP 49153 > 8090
3	0	0.563488	 UDP 49153 > 8090
1	5	0.563702	 UDP 49153 > 8090
2	0	0.564	 UDP 49153 > 8100
0	1	0.564087	 UDP 49153 > 8090
3	0	0.564238	 UDP 49153 > 8090
1	5	0.564326	 UDP 49153 > 8090
0	1	0.564711	 UDP 49153 > 8090
3	0	0.564988	 UDP 49153 > 8090
0	1	0.565335	 UDP 49153 > 8090
1	4	0.565527	 UDP 49153 > 8100
3	0	0.565738	 UDP 49153 > 8090
0	1	0.565959	 UDP 49153 > 8100
3	0	0.566488	 UDP 49153 > 8090
1	5	0.566591	 UDP 49153 > 8090
1	5	0.567215	 UDP 49153 > 8090
3	0	0.567238	 UDP 49153 > 8090
0	1	0.567601	 UDP 49153 > 8090
1	5	0.567839	 UDP 49153 > 8090
3	0	0.567988	 UDP 49153 > 8090
2	0	0.568	 UDP 49153 > 8100
0	1	0.568225	 UDP 49153 > 8090
1	5	0.568463	 UDP 49153 > 8090
3	0	0.568738	 UDP 49153 > 8090
0	1	0.568849	 UDP 49153 > 8090
1	5	0.569087	 UDP 49153 > 8090
0	1	0.569473	 UDP 49153 > 8090
3	0	0.569488	 UDP 49153 > 8090
1	5	0.569711	 UDP 49153 > 8090
0	1	0.570097	 UDP 49153 > 8090
3	0	0.570238	 UDP 49153 > 8090
1	5	0.570335	 UDP 49153 > 8090
0	1	0.570721	 UDP 49153 > 8090
1	5	0.570959	 UDP 49153 > 8090
3	0	0.570988	 UDP 49153 > 8090
0	1	0.571345	 UDP 49153 > 8090
3	0	0.571738	 UDP 49153 > 8090
0	1	0.571969	 UDP 49153 > 8100
2	0	0.572	 UDP 49153 > 8100
1	4	0.572161	 UDP 49153 > 8100
3	0	0.572488	 UDP 49153 > 8090
1	5	0.573225	 UDP 49153 > 8090
3	0	0.573238	 UDP 49153 > 8090
0	1	0.57361	 UDP 49153 > 8090
1	5	0.573849	 UDP 49153 > 8090
3	0	0.573988	 UDP 49153 > 8090
0	1	0.574234	 UDP 49153 > 8090
1	5	0.574473	 UDP 49153 > 8090
3	0	0.574738	 UDP 49153 > 8090
0	1	0.574858	 UDP 49153 > 8090
1	5	0.575097	 UDP 49153 > 8090
0	1	0.575482	 UDP 49153 > 8090
3	0	0.575488	 UDP 49153 > 8090
1	5	0.575721	 UDP 49153 > 8090
2	0	0.576	 UDP 49153 > 8100
0	1	0.576106	 UDP 49153 > 8090
3	0	0.576238	 UDP 49153 > 8090
1	5	0.576345	 UDP 49153 > 8090
0	1	0.57673	 UDP 49153 > 8090
1	5	0.576969	 UDP 49153 > 8090
3	0	0.576988	 UDP 49153 > 8090
0	1	0.577354	 UDP 49153 > 8090
3	0	0.577738	 UDP 49153 > 8090
0	1	0.577978	 UDP 49153 > 8090
1	4	0.57817	 UDP 49153 > 8100
3	0	0.578488	 UDP 49153 > 8090
0	1	0.578602	 UDP 49153 > 8100
1	5	0.579234	 UDP 49153 > 8090
3	0	0.579238	 UDP 49153 > 8090
1	5	0.579858	 UDP 49153 > 8090
3	0	0.579988	 UDP 49153 > 8090
2	0	0.58	 UDP 49153 > 8100
0	1	0.580244	 UDP 49153 > 8090
1	5	0.580482	 UDP 49153 > 8090
3	0	0.580738	 UDP 49153 > 8090
0	1	0.580868	 UDP 49153 > 8090
1	5	0.581106	 UDP 49153 > 8090
3	0	0.581488	 UDP 49153 > 8090
0	1	0.581492	 UDP 49153 > 8090
1	5	0.58173	 UDP 49153 > 8090
0	1	0.582116	 UDP 49153 > 8090
3	0	0.582238	 UDP 49153 > 8090
1	5	0.582354	 UDP 49153 > 8090
0	1	0.58274	 UDP 49153 > 8090
1	5	0.582978	 UDP 49153 > 8090
3	0	0.582988	 UDP 49153 > 8090
0	1	0.583364	 UDP 49153 > 8090
1	5	0.583602	 UDP 49153 > 8090
3	0	0.583738	 UDP 49153 > 8090
0	1	0.583988	 UDP 49153 > 8090
2	0	0.584	 UDP 49153 > 8100
3	0	0.584488	 UDP 49153 > 8090
0	1	0.584612	 UDP 49153 > 8100
1	4	0.584804	 UDP 49153 > 8100
3	0	0.585238	 UDP 49153 > 8090
0	1	0.585814	 UDP 49153 > 8090
1	5	0.585868	 UDP 49153 > 8090
3	0	0.585988	 UDP 49153 > 8090
1	5	0.586492	 UDP 49153 > 8090
3	0	0.586738	 UDP 49153 > 8090
0	1	0.586878	 UDP 49153 > 8090
1	5	0.587116	 UDP 49153 > 8090
3	0	0.587488	 UDP 49153 > 8090
0	1	0.587502	 UDP 49153 > 8090
1	5	0.58774	 UDP 49153 > 8090
2	0	0.588	 UDP 49153 > 8100
0	1	0.588126	 UDP 49153 > 8090
3	0	0.588238	 UDP 49153 > 8090
1	5	0.588364	 UDP 49153 > 8090
0	1	0.58875	 UDP 49153 > 8090
1	5	0.588988	 UDP 49153 > 8090
0	1	0.589374	 UDP 49153 > 8090
1	5	0.589612	 UDP 49153 > 8090
3	0	0.589813	 UDP 49153 > 8090
0	1	0.589998	 UDP 49153 > 8090
0	1	0.590622	 UDP 49153 > 8090
3	0	0.590638	 UDP 49153 > 8090
1	4	0.590814	 UDP 49153 > 8100
0	1	0.591246	 UDP 49153 > 8100
1	5	0.591438	 UDP 49153 > 8090
3	0	0.591463	 UDP 49153 > 8090
2	0	0.592	 UDP 49153 > 8100
3	0	0.592288	 UDP 49153 > 8090
1	5	0.592502	 UDP 49153 > 8090
0	1	0.592887	 UDP 49153 > 8090
3	0	0.593113	 UDP 49153 > 8090
1	5	0.593126	 UDP 49153 > 8090
0	1	0.593511	 UDP 49153 > 8090
1	5	0.59375	 UDP 49153 > 8090
3	0	0.593938	 UDP 49153 > 8090
0	1	0.594135	 UDP 49153 > 8090
1	5	0.594374	 UDP 49153 > 8090
0	1	0.594759	 UDP 49153 > 8090
3	0	0.594763	 UDP 49153 > 8090
1	5	0.594998	 UDP 49153 > 8090
0	1	0.595383	 UDP 49153 > 8090
3	0	0.595588	 UDP 49153 > 8090
1	5	0.595622	 UDP 49153 > 8090
2	0	0.596	 UDP 49153 > 8100
0	1	0.596007	 UDP 49153 > 8090
1	5	0.596246	 UDP 49153 > 8090
3	0	0.596413	 UDP 49153 > 8090
0	1	0.596631	 UDP 49153 > 8090
3	0	0.597238	 UDP 49153 > 8090
0	1	0.597255	 UDP 49153 > 8090
1	4	0.597447	 UDP 49153 > 8100
0	1	0.597879	 UDP 49153 > 8100
3	0	0.598063	 UDP 49153 > 8090
1	5	0.598511	 UDP 49153 > 8090
3	0	0.598888	 UDP 49153 > 8090
1	5	0.599135	 UDP 49153 > 8090
0	1	0.599521	 UDP 49153 > 8090
3	0	0.599713	 UDP 49153 > 8090
1	5	0.599759	 UDP 49153 > 8090
2	0	0.6	 UDP 49153 > 8100
0	1	0.600145	 UDP 49153 > 8090
1	5	0.600383	 UDP 49153 > 8090
3	0	0.600538	 UDP 49153 > 8090
0	1	0.600769	 UDP 49153 > 8090
1	5	0.601007	 UDP 49153 > 8090
3	0	0.601363	 UDP 49153 > 8090
0	1	0.601393	 UDP 49153 > 8090
1	5	0.601631	 UDP 49153 > 8090
0	1	0.602017	 UDP 49153 > 8090
3	0	0.602188	 UDP 49153 > 8090
1	5	0.602255	 UDP 49153 > 8090
0	1	0.602641	 UDP 49153 > 8090
1	5	0.602879	 UDP 49153 > 8090
3	0	0.603013	 UDP 49153 > 8090
0	1	0.603265	 UDP 49153 > 8090
3	0	0.603838	 UDP 49153 > 8090
0	1	0.603889	 UDP 49153 > 8100
2	0	0.604	 UDP 49153 > 8100
1	4	0.604081	 UDP 49153 > 8100
3	0	0.604663	 UDP 49153 > 8090
1	5	0.605145	 UDP 49153 > 8090
3	0	0.605488	 UDP 49153 > 8090
0	1	0.60553	 UDP 49153 > 8090
1	5	0.605769	 UDP 49153 > 8090
0	1	0.606154	 UDP 49153 > 8090
3	0	0.606313	 UDP 49153 > 8090
1	5	0.606393	 UDP 49153 > 8090
0	1	0.606778	 UDP 49153 > 8090
1	5	0.607017	 UDP 49153 > 8090
3	0	0.607138	 UDP 49153 > 8090
0	1	0.607402	 UDP 49153 > 8090
1	5	0.607641	 UDP 49153 > 8090
3	0	0.607963	 UDP 49153 > 8090
2	0	0.608	 UDP 49153 > 8100
0	1	0.608026	 UDP 49153 > 8090
1	5	0.608265	 UDP 49153 > 8090
0	1	0.60865	 UDP 49153 > 8090
3	0	0.608788	 UDP 49153 > 8090
1	5	0.608889	 UDP 49153 > 8090
0	1	0.609274	 UDP 49153 > 8090
3	0	0.609613	 UDP 49153 > 8090
0	1	0.609898	 UDP 49153 > 8090
1	4	0.61009	 UDP 49153 > 8100
3	0	0.610438	 UDP 49153 > 8090
0	1	0.610522	 UDP 49153 > 8100
1	5	0.611154	 UDP 49153 > 8090
3	0	0.611263	 UDP 49153 > 8090
1	5	0.611778	 UDP 49153 > 8090
2	0	0.612	 UDP 49153 > 8100
3	0	0.612088	 UDP 49153 > 8090
0	1	0.612164	 UDP 49153 > 8090
1	5	0.612402	 UDP 49153 > 8090
0	1	0.612788	 UDP 49153 > 8090
3	0	0.612913	 UDP 49153 > 8090
1	5	0.613026	 UDP 49153 > 8090
0	1	0.613412	 UDP 49153 > 8090
1	5	0.61365	 UDP 49153 > 8090
3	0	0.613738	 UDP 49153 > 8090
0	1	0.614036	 UDP 49153 > 8090
1	5	0.614274	 UDP 49153 > 8090
3	0	0.614563	 UDP 49153 > 8090
0	1	0.61466	 UDP 49153 > 8090
1	5	0.614898	 UDP 49153 > 8090
0	1	0.615284	 UDP 49153 > 8090
3	0	0.615388	 UDP 49153 > 8090
1	5	0.615522	 UDP 49153 > 8090
0	1	0.615908	 UDP 49153 > 8090
2	0	0.616	 UDP 49153 > 8100
3	0	0.616213	 UDP 49153 > 8090
0	1	0.616532	 UDP 49153 > 8090
1	4	0.616724	 UDP 49153 > 8100
3	0	0.617038	 UDP 49153 > 8090
0	1	0.617156	 UDP 49153 > 8100
1	5	0.617788	 UDP 49153 > 8090
3	0	0.617863	 UDP 49153 > 8090
1	5	0.618412	 UDP 49153 > 8090
3	0	0.618688	 UDP 49153 > 8090
0	1	0.618798	 UDP 49153 > 8090
1	5	0.619036	 UDP 49153 > 8090
0	1	0.619422	 UDP 49153 > 8090
3	0	0.619513	 UDP 49153 > 8090
1	5	0.61966	 UDP 49153 > 8090
2	0	0.62	 UDP 49153 > 8100
0	1	0.620046	 UDP 49153 > 8090
1	5	0.620284	 UDP 49153 > 8090
3	0	0.620338	 UDP 49153 > 8090
0	1	0.62067	 UDP 49153 > 8090
1	5	0.620908	 UDP 49153 > 8090
3	0	0.621163	 UDP 49153 > 8090
0	1	0.621294	 UDP 49153 > 8090
1	5	0.621532	 UDP 49153 > 8090
0	1	0.621918	 UDP 49153 > 8090
3	0	0.621988	 UDP 49153 > 8090
1	5	0.622156	 UDP 49153 > 8090
0	1	0.622542	 UDP 49153 > 8090
3	0	0.622813	 UDP 49153 > 8090
0	1	0.623166	 UDP 49153 > 8100
1	4	0.623358	 UDP 49153 > 8100
3	0	0.623638	 UDP 49153 > 8090
2	0	0.624	 UDP 49153 > 8100
1	5	0.624422	 UDP 49153 > 8090
3	0	0.624463	 UDP 49153 > 8090
0	1	0.624807	 UDP 49153 > 8090
1	5	0.625046	 UDP 49153 > 8090
3	0	0.625288	 UDP 49153 > 8090
0	1	0.625431	 UDP 49153 > 8090
1	5	0.62567	 UDP 49153 > 8090
0	1	0.626055	 UDP 49153 > 8090
3	0	0.626113	 UDP 49153 > 8090
1	5	0.626294	 UDP 49153 > 8090
0	1	0.626679	 UDP 49153 > 8090
1	5	0.626918	 UDP 49153 > 8090
3	0	0.626938	 UDP 49153 > 8090
0	1	0.627303	 UDP 49153 > 8090
1	5	0.627542	 UDP 49153 > 8090
3	0	0.627763	 UDP 49153 > 8090
0	1	0.627927	 UDP 49153 > 8090
2	0	0.628	 UDP 49153 > 8100
1	5	0.628166	 UDP 49153 > 8090
0	1	0.628551	 UDP 49153 > 8090
3	0	0.628588	 UDP 49153 > 8090
0	1	0.629175	 UDP 49153 > 8090
1	4	0.629367	 UDP 49153 > 8100
3	0	0.629413	 UDP 49153 > 8090
0	1	0.629799	 UDP 49153 > 8100
3	0	0.630238	 UDP 49153 > 8090
1	5	0.630431	 UDP 49153 > 8090
1	5	0.631055	 UDP 49153 > 8090
3	0	0.631063	 UDP 49153 > 8090
0	1	0.631441	 UDP 49153 > 8090
1	5	0.631679	 UDP 49153 > 8090
3	0	0.631888	 UDP 49153 > 8090
2	0	0.632	 UDP 49153 > 8100
0	1	0.632065	 UDP 49153 > 8090
1	5	0.632303	 UDP 49153 > 8090
0	1	0.632689	 UDP 49153 > 8090
3	0	0.632713	 UDP 49153 > 8090
1	5	0.632927	 UDP 49153 > 8090
0	1	0.633313	 UDP 49153 > 8090
3	0	0.633538	 UDP 49153 > 8090
1	5	0.633551	 UDP 49153 > 8090
0	1	0.633937	 UDP 49153 > 8090
1	5	0.634175	 UDP 49153 > 8090
3	0	0.634363	 UDP 49153 > 8090
0	1	0.634561	 UDP 49153 > 8090
1	5	0.634799	 UDP 49153 > 8090
0	1	0.635185	 UDP 49153 > 8090
3	0	0.635188	 UDP 49153 > 8090
0	1	0.635809	 UDP 49153 > 8100
2	0	0.636	 UDP 49153 > 8100
1	4	0.636001	 UDP 49153 > 8100
3	0	0.636013	 UDP 49153 > 8090
3	0	0.636838	 UDP 49153 > 8090
0	1	0.63701	 UDP 49153 > 8090
1	5	0.637065	 UDP 49153 > 8090
3	0	0.637663	 UDP 49153 > 8090
1	5	0.637689	 UDP 49153 > 8090
0	1	0.638074	 UDP 49153 > 8090
1	5	0.638313	 UDP 49153 > 8090
3	0	0.638488	 UDP 49153 > 8090
0	1	0.638698	 UDP 49153 > 8090
1	5	0.638937	 UDP 49153 > 8090
3	0	0.639313	 UDP 49153 > 8090
0	1	0.639322	 UDP 49153 > 8090
1	5	0.639561	 UDP 49153 > 8090
0	1	0.639946	 UDP 49153 > 8090
2	0	0.64	 UDP 49153 > 8100
3	0	0.640138	 UDP 49153 > 8090
1	5	0.640185	 UDP 49153 > 8090
0	1	0.64057	 UDP 49153 > 8090
1	5	0.640809	 UDP 49153 > 8090
3	0	0.640963	 UDP 49153 > 8090
0	1	0.641194	 UDP 49153 > 8090
3	0	0.641788	 UDP 49153 > 8090
0	1	0.641818	 UDP 49153 > 8090
1	4	0.64201	 UDP 49153 > 8100
0	1	0.642442	 UDP 49153 > 8100
3	0	0.642613	 UDP 49153 > 8090
1	5	0.642634	 UDP 49153 > 8090
3	0	0.643438	 UDP 49153 > 8090
1	5	0.643698	 UDP 49153 > 8090
2	0	0.644	 UDP 49153 > 8100
0	1	0.644084	 UDP 49153 > 8090
3	0	0.644263	 UDP 49153 > 8090
1	5	0.644322	 UDP 49153 > 8090
0	1	0.644708	 UDP 49153 > 8090
1	5	0.644946	 UDP 49153 > 8090
3	0	0.645088	 UDP 49153 > 8090
0	1	0.645332	 UDP 49153 > 8090
1	5	0.64557	 UDP 49153 > 8090
3	0	0.645913	 UDP 49153 > 8090
0	1	0.645956	 UDP 49153 > 8090
1	5	0.646194	 UDP 49153 > 8090
0	1	0.64658	 UDP 49153 > 8090
3	0	0.646738	 UDP 49153 > 8090
1	5	0.646818	 UDP 49153 > 8090
0	1	0.647204	 UDP 49153 > 8090
1	5	0.647442	 UDP 49153 > 8090
3	0	0.647563	 UDP 49153 > 8090
0	1	0.647828	 UDP 49153 > 8090
2	0	0.648	 UDP 49153 > 8100
3	0	0.648388	 UDP 49153 > 8090
0	1	0.648452	 UDP 49153 > 8100
1	4	0.648644	 UDP 49153 > 8100
3	0	0.649213	 UDP 49153 > 8090
1	5	0.649708	 UDP 49153 > 8090
3	0	0.650038	 UDP 49153 > 8090
0	1	0.650094	 UDP 49153 > 8090
1	5	0.650332	 UDP 49153 > 8090
0	1	0.650718	 UDP 49153 > 8090
3	0	0.650863	 UDP 49153 > 8090
1	5	0.650956	 UDP 49153 > 8090
0	1	0.651342	 UDP 49153 > 8090
1	5	0.65158	 UDP 49153 > 8090
3	0	0.651688	 UDP 49153 > 8090
0	1	0.651966	 UDP 49153 > 8090
2	0	0.652	 UDP 49153 > 8100
1	5	0.652204	 UDP 49153 > 8090
3	0	0.652513	 UDP 49153 > 8090
